TIME,TEMP,HUM,BATT,LIGHT,NOISE_A,PRESS,CCS811_VOCS,CCS811_ECO2,PM_1,PM_25,PM_10
ISO 8601,C,%,%,Lux,dBA,kPa,ppb,ppm,ug/m3,ug/m3,ug/m3
Time,Temperature,Humidity,Battery,Light,Noise dBA,Barometric pressure,VOC Gas CCS811,eCO2 Gas CCS811,PM 1.0,PM 2.5,PM 10.0
,55,56,10,14,53,58,113,112,89,87,88
2023-08-10T11:25:20Z,22.78,66.25,-1,21,35.74,101.90,null,null,0,0,0
2023-08-10T11:26:20Z,22.80,66.13,100,21,33.02,101.91,null,null,null,null,null
2023-08-10T11:27:20Z,22.89,65.93,100,25,29.17,101.90,null,null,null,null,null
2023-08-10T11:28:20Z,22.92,65.90,100,28,28.85,101.90,null,null,null,null,null
2023-08-10T11:29:20Z,22.99,65.84,100,28,29.72,101.90,null,null,null,null,null
2023-08-10T11:30:20Z,23.05,65.78,100,27,30.58,101.90,2.00,414.00,0,0,0
2023-08-10T11:31:20Z,23.06,65.74,100,28,28.39,101.90,0.00,400.00,null,null,null
2023-08-10T11:32:20Z,23.09,65.58,100,25,29.63,101.90,0.00,406.00,null,null,null
2023-08-10T11:33:20Z,23.15,65.59,100,28,37.06,101.90,2.00,414.00,null,null,null
2023-08-10T11:34:20Z,23.15,65.57,100,26,30.46,101.90,1.00,410.00,null,null,null
2023-08-10T11:35:20Z,23.16,65.46,100,25,28.89,101.91,0.00,406.00,0,0,0
2023-08-10T11:36:20Z,23.22,65.42,100,26,33.50,101.91,1.00,410.00,null,null,null
2023-08-10T11:37:20Z,23.23,65.18,100,24,30.59,101.90,1.00,410.00,null,null,null
2023-08-10T11:38:20Z,23.24,65.45,100,26,29.81,101.90,2.00,414.00,null,null,null
2023-08-10T11:39:20Z,23.26,65.10,100,26,30.44,101.90,1.00,410.00,null,null,null
2023-08-10T11:40:20Z,23.26,65.21,100,29,29.32,101.90,0.00,400.00,0,0,0
2023-08-10T11:41:20Z,23.26,65.35,100,29,28.76,101.90,0.00,400.00,null,null,null
2023-08-10T11:42:20Z,23.29,65.30,100,30,38.54,101.90,0.00,400.00,null,null,null
2023-08-10T11:43:20Z,23.29,65.23,100,26,28.77,101.90,0.00,400.00,null,null,null
2023-08-10T11:44:20Z,23.31,65.23,100,22,29.60,101.91,0.00,403.00,null,null,null
2023-08-10T11:45:20Z,23.31,65.17,100,17,29.11,101.90,1.00,407.00,0,0,0
2023-08-10T11:46:20Z,23.33,65.28,100,16,29.37,101.90,0.00,403.00,null,null,null
2023-08-10T11:47:20Z,23.34,65.13,100,17,28.84,101.90,0.00,400.00,null,null,null
2023-08-10T11:48:20Z,23.36,65.05,100,18,35.25,101.90,0.00,403.00,null,null,null
2023-08-10T11:49:20Z,23.36,65.08,100,20,30.77,101.90,1.00,407.00,null,null,null
2023-08-10T11:50:20Z,23.37,65.06,100,19,29.94,101.90,1.00,407.00,0,0,0
2023-08-10T11:51:20Z,23.40,65.00,100,16,32.38,101.89,1.00,407.00,null,null,null
2023-08-10T11:52:20Z,23.38,65.04,100,14,33.40,101.89,null,null,null,null,null
2023-08-10T11:53:20Z,23.40,64.89,100,16,29.05,101.89,1.00,407.00,null,null,null
2023-08-10T11:54:20Z,23.42,64.88,100,13,29.07,101.89,1.00,407.00,null,null,null
2023-08-10T11:55:20Z,23.43,65.03,100,11,40.80,101.89,1.00,411.00,0,0,0
2023-08-10T11:56:20Z,23.42,65.14,100,12,29.68,101.89,1.00,411.00,null,null,null
2023-08-10T11:57:20Z,23.42,64.92,100,11,27.57,101.89,2.00,414.00,null,null,null
2023-08-10T11:58:20Z,23.36,65.06,100,12,27.84,101.89,2.00,414.00,null,null,null
2023-08-10T11:59:20Z,23.30,65.09,100,12,44.64,101.89,2.00,414.00,null,null,null
2023-08-10T12:00:20Z,23.27,65.36,100,12,27.14,101.88,2.00,414.00,0,0,0
2023-08-10T12:01:20Z,23.27,65.37,100,14,28.55,101.89,1.00,410.00,null,null,null
2023-08-10T12:02:20Z,23.22,65.10,100,14,28.81,101.88,1.00,410.00,null,null,null
2023-08-10T12:03:20Z,23.20,65.41,100,13,29.57,101.88,7.00,450.00,null,null,null
2023-08-10T12:04:20Z,23.16,65.43,100,14,29.28,101.87,6.00,444.00,null,null,null
2023-08-10T12:05:20Z,23.16,65.53,100,13,28.99,101.88,6.00,444.00,0,0,0
2023-08-10T12:06:20Z,23.15,65.59,100,13,28.15,101.88,6.00,444.00,null,null,null
2023-08-10T12:07:20Z,23.15,65.67,100,12,28.61,101.88,5.00,439.00,null,null,null
2023-08-10T12:08:20Z,23.15,65.71,100,10,30.05,101.87,5.00,434.00,null,null,null
2023-08-10T12:09:20Z,23.10,65.59,100,11,29.89,101.88,5.00,434.00,null,null,null
2023-08-10T12:10:20Z,23.10,65.40,100,9,28.28,101.87,4.00,428.00,0,0,0
2023-08-10T12:11:20Z,23.07,65.65,100,10,28.22,101.88,3.00,424.00,null,null,null
2023-08-10T12:12:20Z,23.07,65.72,100,10,34.69,101.87,3.00,424.00,null,null,null
2023-08-10T12:13:20Z,23.09,65.85,100,13,28.92,101.87,3.00,424.00,null,null,null
2023-08-10T12:14:20Z,23.06,65.54,100,14,28.30,101.87,2.00,418.00,null,null,null
2023-08-10T12:15:20Z,23.05,65.73,100,13,29.54,101.87,2.00,417.00,0,0,0
2023-08-10T12:16:20Z,23.05,65.67,100,11,29.22,101.87,1.00,409.00,null,null,null
2023-08-10T12:17:20Z,23.05,65.61,100,12,29.54,101.87,2.00,414.00,null,null,null
2023-08-10T12:18:20Z,23.05,65.77,100,11,29.92,101.87,1.00,407.00,null,null,null
2023-08-10T12:19:20Z,23.02,65.73,100,10,33.67,101.87,1.00,407.00,null,null,null
2023-08-10T12:20:20Z,23.03,65.70,100,12,27.24,101.87,1.00,408.00,0,0,0
2023-08-10T12:21:20Z,23.03,65.70,100,11,32.12,101.87,1.00,407.00,null,null,null
2023-08-10T12:22:20Z,23.03,65.59,100,11,27.84,101.86,1.00,407.00,null,null,null
2023-08-10T12:23:20Z,23.05,65.55,100,11,28.87,101.86,1.00,407.00,null,null,null
2023-08-10T12:24:20Z,23.02,65.67,100,11,28.51,101.86,1.00,407.00,null,null,null
2023-08-10T12:25:20Z,22.99,65.76,100,11,27.85,101.86,1.00,407.00,0,0,0
2023-08-10T12:26:20Z,23.05,65.86,100,12,27.38,101.86,0.00,400.00,null,null,null
2023-08-10T12:27:20Z,23.05,65.83,100,12,29.13,101.86,0.00,405.00,null,null,null
2023-08-10T12:28:20Z,23.02,65.69,100,12,30.06,101.86,1.00,409.00,null,null,null
2023-08-10T12:29:20Z,23.03,65.83,100,12,28.44,101.86,1.00,413.00,null,null,null
2023-08-10T12:30:20Z,23.00,65.78,100,10,28.42,101.86,1.00,409.00,0,0,0
2023-08-10T12:31:20Z,23.03,65.79,100,10,28.06,101.86,1.00,413.00,null,null,null
2023-08-10T12:32:20Z,23.03,65.90,100,12,30.39,101.87,1.00,413.00,null,null,null
2023-08-10T12:33:20Z,23.05,65.76,100,13,28.78,101.86,2.00,417.00,null,null,null
2023-08-10T12:34:20Z,23.03,65.78,100,13,28.31,101.86,2.00,417.00,null,null,null
2023-08-10T12:35:20Z,23.02,65.89,100,13,37.28,101.86,3.00,420.00,0,0,0
2023-08-10T12:36:20Z,23.03,66.06,100,13,27.30,101.86,3.00,424.00,null,null,null
2023-08-10T12:37:20Z,23.05,66.02,100,14,28.95,101.86,4.00,427.00,null,null,null
2023-08-10T12:38:20Z,23.03,66.13,100,13,33.67,101.86,5.00,433.00,null,null,null
2023-08-10T12:39:20Z,23.02,66.04,100,13,30.18,101.86,5.00,433.00,null,null,null
2023-08-10T12:40:20Z,23.02,65.92,100,12,27.78,101.85,4.00,427.00,0,0,0
2023-08-10T12:41:20Z,23.05,66.03,100,11,30.32,101.86,4.00,427.00,null,null,null
2023-08-10T12:42:20Z,23.06,65.96,100,12,27.57,101.86,3.00,424.00,null,null,null
2023-08-10T12:43:20Z,23.06,65.73,100,11,29.74,101.85,3.00,420.00,null,null,null
2023-08-10T12:44:20Z,23.03,65.95,100,12,35.17,101.85,2.00,416.00,null,null,null
2023-08-10T12:45:20Z,23.05,65.98,100,12,33.83,101.85,1.00,413.00,0,0,0
2023-08-10T12:46:20Z,23.05,65.87,100,12,30.14,101.85,1.00,413.00,null,null,null
2023-08-10T12:47:20Z,23.06,66.00,100,10,34.03,101.85,1.00,413.00,null,null,null
2023-08-10T12:48:20Z,23.05,65.97,100,10,31.49,101.85,1.00,413.00,null,null,null
2023-08-10T12:49:20Z,23.05,66.09,100,13,33.69,101.84,2.00,417.00,null,null,null
2023-08-10T12:50:20Z,23.06,65.92,100,13,31.26,101.85,5.00,433.00,0,0,0
2023-08-10T12:51:20Z,23.06,66.06,100,13,33.22,101.85,8.00,454.00,null,null,null
2023-08-10T12:52:20Z,23.09,65.97,100,13,34.19,101.84,11.00,477.00,null,null,null
2023-08-10T12:53:20Z,23.07,65.86,100,13,32.19,101.84,16.00,506.00,null,null,null
2023-08-10T12:54:20Z,23.05,66.03,100,13,42.77,101.85,24.00,560.00,null,null,null
2023-08-10T12:55:20Z,23.07,66.33,100,13,30.29,101.84,30.00,599.00,0,0,0
2023-08-10T12:56:20Z,23.07,66.42,100,13,37.44,101.85,32.00,615.00,null,null,null
2023-08-10T12:57:20Z,23.10,66.30,100,13,31.53,101.84,37.00,643.00,null,null,null
2023-08-10T12:58:20Z,23.06,66.39,100,12,32.00,101.84,35.00,634.00,null,null,null
2023-08-10T12:59:20Z,23.09,66.16,100,12,30.41,101.84,35.00,634.00,null,null,null
2023-08-10T13:00:20Z,23.09,66.39,100,12,41.26,101.84,36.00,641.00,0,0,0
2023-08-10T13:01:20Z,23.10,66.32,100,12,33.97,101.84,37.00,643.00,null,null,null
2023-08-10T13:02:20Z,23.10,66.09,100,12,34.73,101.84,37.00,649.00,null,null,null
2023-08-10T13:03:20Z,23.12,66.52,100,11,31.38,101.84,41.00,672.00,null,null,null
2023-08-10T13:04:20Z,23.10,66.66,100,11,52.76,101.84,42.00,679.00,null,null,null
2023-08-10T13:05:20Z,23.10,66.82,100,13,37.64,101.84,44.00,692.00,0,0,0
2023-08-10T13:06:20Z,23.12,66.59,100,12,47.55,101.84,48.00,717.00,null,null,null
2023-08-10T13:07:20Z,23.16,66.87,100,12,29.54,101.84,54.00,761.00,null,null,null
2023-08-10T13:08:20Z,23.13,66.82,100,10,33.61,101.85,53.00,754.00,null,null,null
2023-08-10T13:09:20Z,23.13,66.58,100,10,32.85,101.84,53.00,754.00,null,null,null
2023-08-10T13:10:20Z,23.13,66.60,100,12,35.55,101.84,54.00,761.00,0,0,0
2023-08-10T13:11:20Z,23.16,66.57,100,12,38.94,101.85,53.00,752.00,null,null,null
2023-08-10T13:12:20Z,23.15,66.73,100,11,35.33,101.85,53.00,752.00,null,null,null
2023-08-10T13:13:20Z,23.19,66.66,100,10,29.05,101.84,60.00,795.00,null,null,null
2023-08-10T13:14:20Z,23.17,66.51,100,10,40.58,101.84,54.00,761.00,null,null,null
2023-08-10T13:15:20Z,23.16,66.62,100,10,28.70,101.84,56.00,768.00,0,0,0
2023-08-10T13:16:20Z,23.20,66.74,100,12,29.61,101.84,61.00,804.00,null,null,null
2023-08-10T13:17:20Z,23.19,66.55,100,11,31.67,101.84,70.00,865.00,null,null,null
2023-08-10T13:18:20Z,23.19,66.72,100,12,28.12,101.84,74.00,889.00,null,null,null
2023-08-10T13:19:20Z,23.20,66.82,100,14,37.08,101.84,77.00,909.00,null,null,null
2023-08-10T13:20:20Z,23.19,66.76,100,13,null,101.84,78.00,918.00,0,0,0
2023-08-10T13:21:20Z,23.20,66.70,100,12,33.34,101.84,83.00,945.00,null,null,null
2023-08-10T13:22:20Z,23.22,66.94,100,14,33.62,101.84,87.00,977.00,null,null,null
2023-08-10T13:23:20Z,23.23,66.84,100,13,53.16,101.83,88.00,981.00,null,null,null
2023-08-10T13:24:20Z,23.23,66.90,100,14,32.91,101.84,88.00,981.00,null,null,null
2023-08-10T13:25:20Z,23.22,66.93,100,12,32.80,101.84,88.00,981.00,0,0,0
2023-08-10T13:26:20Z,23.24,66.76,100,15,29.51,101.84,90.00,992.00,null,null,null
2023-08-10T13:27:20Z,23.24,66.93,100,15,32.08,101.83,93.00,1017.00,null,null,null
2023-08-10T13:28:20Z,23.26,66.78,100,15,31.45,101.84,96.00,1032.00,null,null,null
2023-08-10T13:29:20Z,23.26,66.63,100,16,35.41,101.83,79.00,923.00,null,null,null
2023-08-10T13:30:20Z,23.27,66.50,100,18,30.37,101.84,77.00,909.00,0,0,0
2023-08-10T13:31:20Z,23.29,66.17,100,18,28.28,101.83,68.00,851.00,null,null,null
2023-08-10T13:32:20Z,23.29,65.90,100,19,29.88,101.83,62.00,813.00,null,null,null
2023-08-10T13:33:20Z,23.27,65.85,100,18,44.37,101.83,51.00,740.00,null,null,null
2023-08-10T13:34:20Z,23.27,65.81,100,18,30.30,101.83,42.00,682.00,null,null,null
2023-08-10T13:35:20Z,23.29,65.81,100,18,33.81,101.83,38.00,650.00,0,0,0
2023-08-10T13:36:20Z,23.30,65.80,100,20,32.97,101.83,33.00,618.00,null,null,null
2023-08-10T13:37:20Z,23.30,65.72,100,19,31.88,101.83,30.00,599.00,null,null,null
2023-08-10T13:38:20Z,23.30,65.72,100,18,37.67,101.83,28.00,584.00,null,null,null
2023-08-10T13:39:20Z,23.30,65.85,100,19,27.28,101.83,28.00,584.00,null,null,null
2023-08-10T13:40:20Z,23.29,65.78,100,19,42.21,101.82,25.00,566.00,0,0,0
2023-08-10T13:41:20Z,23.34,65.82,100,19,27.38,101.82,21.00,542.00,null,null,null
2023-08-10T13:42:20Z,23.34,65.92,100,18,41.59,101.82,19.00,527.00,null,null,null
2023-08-10T13:43:20Z,23.33,65.91,100,18,31.53,101.81,15.00,501.00,null,null,null
2023-08-10T13:44:20Z,23.31,65.66,100,17,32.08,101.81,11.00,478.00,null,null,null
2023-08-10T13:45:20Z,23.31,65.66,100,15,29.49,101.82,9.00,461.00,0,0,0
2023-08-10T13:46:20Z,23.36,65.65,100,15,34.38,101.82,5.00,433.00,null,null,null
2023-08-10T13:47:20Z,23.36,65.58,100,16,29.62,101.81,3.00,425.00,null,null,null
2023-08-10T13:48:20Z,23.37,65.54,100,15,27.90,101.81,2.00,417.00,null,null,null
2023-08-10T13:49:20Z,23.37,65.48,100,13,32.18,101.81,1.00,408.00,null,null,null
2023-08-10T13:50:20Z,23.37,65.48,100,15,29.69,101.81,0.00,400.00,0,0,0
2023-08-10T13:51:20Z,23.37,65.51,100,18,36.26,101.81,0.00,400.00,null,null,null
2023-08-10T13:52:20Z,23.40,65.39,100,18,43.18,101.82,1.00,408.00,null,null,null
2023-08-10T13:53:20Z,23.37,65.51,100,17,36.45,101.82,3.00,423.00,null,null,null
2023-08-10T13:54:20Z,23.40,65.48,100,17,36.86,101.82,4.00,427.00,null,null,null
2023-08-10T13:55:20Z,23.38,65.59,100,17,28.33,101.81,5.00,433.00,0,0,0
2023-08-10T13:56:20Z,23.40,65.61,100,16,27.96,101.81,6.00,443.00,null,null,null
2023-08-10T13:57:20Z,23.43,65.57,100,18,37.23,101.81,7.00,450.00,null,null,null
2023-08-10T13:58:20Z,23.42,65.67,100,17,30.85,101.81,10.00,470.00,null,null,null
2023-08-10T13:59:20Z,23.40,65.65,100,17,30.02,101.81,13.00,487.00,null,null,null
2023-08-10T14:00:20Z,23.44,65.64,100,16,29.70,101.81,16.00,508.00,0,0,0
2023-08-10T14:01:20Z,23.43,65.97,100,17,42.19,101.82,20.00,534.00,null,null,null
2023-08-10T14:02:20Z,23.42,65.66,100,5,29.49,101.81,21.00,539.00,null,null,null
2023-08-10T14:03:20Z,23.42,65.77,100,6,37.17,101.82,24.00,564.00,null,null,null
2023-08-10T14:04:20Z,23.43,65.79,100,6,39.07,101.82,25.00,565.00,null,null,null
2023-08-10T14:05:20Z,23.43,65.94,100,5,37.02,101.82,25.00,569.00,0,0,0
2023-08-10T14:06:20Z,23.44,65.97,100,4,38.01,101.82,25.00,569.00,null,null,null
2023-08-10T14:07:20Z,23.44,65.93,100,6,43.54,101.82,25.00,569.00,null,null,null
2023-08-10T14:08:20Z,23.46,65.79,100,6,31.07,101.82,25.00,569.00,null,null,null
2023-08-10T14:09:20Z,23.47,65.84,100,5,37.88,101.82,23.00,556.00,null,null,null
2023-08-10T14:10:20Z,23.46,65.77,100,5,30.89,101.82,23.00,553.00,0,0,0
2023-08-10T14:11:20Z,23.46,65.85,100,6,36.00,101.82,20.00,536.00,null,null,null
2023-08-10T14:12:20Z,23.49,65.82,100,5,37.48,101.82,19.00,526.00,null,null,null
2023-08-10T14:13:20Z,23.51,65.79,100,5,33.35,101.82,17.00,514.00,null,null,null
2023-08-10T14:14:20Z,23.50,65.82,100,5,28.80,101.82,15.00,500.00,null,null,null
2023-08-10T14:15:20Z,23.49,65.72,100,5,29.55,101.82,14.00,493.00,0,0,0
2023-08-10T14:16:20Z,23.50,65.77,100,5,31.29,101.82,13.00,487.00,null,null,null
2023-08-10T14:17:20Z,23.51,65.80,100,5,37.02,101.82,12.00,483.00,null,null,null
2023-08-10T14:18:20Z,23.53,65.68,100,6,36.78,101.81,13.00,488.00,null,null,null
2023-08-10T14:19:20Z,23.53,65.72,100,5,39.39,101.81,14.00,493.00,null,null,null
2023-08-10T14:20:20Z,23.53,65.65,100,5,38.65,101.81,14.00,493.00,0,0,0
2023-08-10T14:21:20Z,23.54,65.68,100,5,30.87,101.82,14.00,493.00,null,null,null
2023-08-10T14:22:20Z,23.57,65.69,100,5,40.58,101.81,14.00,493.00,null,null,null
2023-08-10T14:23:20Z,23.57,65.61,100,6,32.88,101.82,14.00,493.00,null,null,null
2023-08-10T14:24:20Z,23.57,65.94,100,21,60.98,101.81,14.00,497.00,null,null,null
2023-08-10T14:25:20Z,23.55,65.83,100,20,37.80,101.81,14.00,493.00,0,0,0
2023-08-10T14:26:20Z,23.60,65.87,100,19,30.14,101.81,15.00,500.00,null,null,null
2023-08-10T14:27:20Z,23.58,65.69,100,19,30.02,101.81,15.00,500.00,null,null,null
2023-08-10T14:28:20Z,23.61,65.65,100,18,29.12,101.81,14.00,497.00,null,null,null
2023-08-10T14:29:20Z,23.58,65.72,100,18,30.76,101.81,13.00,487.00,null,null,null
2023-08-10T14:30:20Z,23.60,65.67,100,17,36.18,101.81,12.00,480.00,0,0,0
2023-08-10T14:31:20Z,23.60,65.62,100,17,34.24,101.81,9.00,463.00,null,null,null
2023-08-10T14:32:20Z,23.65,65.51,100,13,33.77,101.81,8.00,454.00,null,null,null
2023-08-10T14:33:20Z,23.62,65.41,100,12,31.23,101.81,8.00,454.00,null,null,null
2023-08-10T14:34:20Z,23.64,65.38,100,11,28.44,101.81,7.00,450.00,null,null,null
2023-08-10T14:35:20Z,23.64,65.26,100,12,30.52,101.81,6.00,445.00,0,0,0
2023-08-10T14:36:20Z,23.65,65.13,100,15,34.44,101.81,5.00,433.00,null,null,null
2023-08-10T14:37:20Z,23.67,65.00,100,17,34.11,101.81,3.00,426.00,null,null,null
2023-08-10T14:38:20Z,23.67,64.87,100,15,31.48,101.81,3.00,423.00,null,null,null
2023-08-10T14:39:20Z,23.64,64.90,100,16,37.15,101.81,2.00,414.00,null,null,null
2023-08-10T14:40:20Z,23.68,64.81,100,17,40.74,101.81,1.00,411.00,0,0,0
2023-08-10T14:41:20Z,23.62,64.78,100,20,28.02,101.81,1.00,407.00,null,null,null
2023-08-10T14:42:20Z,23.67,64.66,100,19,37.11,101.80,1.00,407.00,null,null,null
2023-08-10T14:43:20Z,23.65,64.65,100,19,28.83,101.80,1.00,408.00,null,null,null
2023-08-10T14:44:20Z,23.67,64.60,100,19,30.64,101.80,1.00,408.00,null,null,null
2023-08-10T14:45:20Z,23.64,64.60,100,19,28.73,101.81,0.00,405.00,0,0,0
2023-08-10T14:46:20Z,23.67,64.57,100,15,30.79,101.80,0.00,405.00,null,null,null
2023-08-10T14:47:20Z,23.65,64.51,100,13,29.58,101.80,0.00,400.00,null,null,null
2023-08-10T14:48:20Z,23.68,64.49,100,19,38.39,101.80,0.00,400.00,null,null,null
2023-08-10T14:49:20Z,23.67,64.43,100,15,40.40,101.80,0.00,400.00,null,null,null
2023-08-10T14:50:20Z,23.65,64.49,100,15,28.01,101.79,0.00,400.00,0,0,0
2023-08-10T14:51:20Z,23.65,64.52,100,15,43.39,101.79,0.00,400.00,null,null,null
2023-08-10T14:52:20Z,23.68,64.42,100,17,36.22,101.79,0.00,400.00,null,null,null
2023-08-10T14:53:20Z,23.64,64.40,100,18,36.15,101.79,0.00,400.00,null,null,null
2023-08-10T14:54:20Z,23.68,64.40,100,18,30.85,101.79,0.00,400.00,null,null,null
2023-08-10T14:55:20Z,23.67,64.41,100,22,28.42,101.79,0.00,400.00,0,0,0
2023-08-10T14:56:20Z,23.65,64.32,100,23,32.55,101.79,0.00,400.00,null,null,null
2023-08-10T14:57:20Z,23.65,64.35,100,24,41.93,101.79,0.00,400.00,null,null,null
2023-08-10T14:58:20Z,23.67,64.37,100,27,40.02,101.80,0.00,400.00,null,null,null
2023-08-10T14:59:20Z,23.67,64.49,100,31,31.72,101.79,0.00,400.00,null,null,null
2023-08-10T15:00:20Z,23.64,64.49,100,34,33.89,101.79,0.00,400.00,0,0,0
2023-08-10T15:01:20Z,23.67,64.48,100,32,31.87,101.79,0.00,403.00,null,null,null
2023-08-10T15:02:20Z,23.68,64.45,100,34,36.54,101.79,0.00,403.00,null,null,null
2023-08-10T15:03:20Z,23.70,64.49,100,32,31.97,101.79,1.00,408.00,null,null,null
2023-08-10T15:04:20Z,23.68,64.53,100,32,29.77,101.79,1.00,408.00,null,null,null
2023-08-10T15:05:20Z,23.67,64.57,100,33,32.26,101.79,1.00,408.00,0,0,0
2023-08-10T15:06:20Z,23.67,64.51,100,36,31.97,101.79,0.00,403.00,null,null,null
2023-08-10T15:07:20Z,23.71,64.46,100,36,32.91,101.79,0.00,403.00,null,null,null
2023-08-10T15:08:20Z,23.68,64.49,100,35,30.69,101.79,1.00,408.00,null,null,null
2023-08-10T15:09:20Z,23.70,64.51,100,35,32.43,101.80,0.00,403.00,null,null,null
2023-08-10T15:10:20Z,23.67,64.50,100,37,27.42,101.79,0.00,400.00,0,0,0
2023-08-10T15:11:20Z,23.70,64.52,100,35,32.65,101.79,0.00,400.00,null,null,null
2023-08-10T15:12:20Z,23.68,64.48,100,34,40.22,101.79,0.00,400.00,null,null,null
2023-08-10T15:13:20Z,23.71,64.43,100,32,28.20,101.80,0.00,400.00,null,null,null
2023-08-10T15:14:20Z,23.70,64.48,100,30,30.06,101.80,0.00,400.00,null,null,null
2023-08-10T15:15:20Z,23.68,64.45,100,30,31.62,101.80,0.00,400.00,0,0,0
2023-08-10T15:16:20Z,23.71,64.58,100,29,36.20,101.81,0.00,400.00,null,null,null
2023-08-10T15:17:20Z,23.71,64.49,100,28,31.92,101.80,0.00,400.00,null,null,null
2023-08-10T15:18:20Z,23.72,64.46,100,27,27.49,101.81,0.00,400.00,null,null,null
2023-08-10T15:19:20Z,23.70,64.50,100,27,30.65,101.81,0.00,400.00,null,null,null
2023-08-10T15:20:20Z,23.71,64.49,100,27,36.40,101.80,0.00,400.00,0,0,0
2023-08-10T15:21:20Z,23.72,64.50,100,25,30.94,101.80,0.00,400.00,null,null,null
2023-08-10T15:22:20Z,23.72,64.38,100,24,36.22,101.80,0.00,403.00,null,null,null
2023-08-10T15:23:20Z,23.72,64.42,100,19,29.17,101.80,0.00,403.00,null,null,null
2023-08-10T15:24:20Z,23.72,64.38,100,23,30.12,101.80,0.00,403.00,null,null,null
2023-08-10T15:25:20Z,23.68,64.38,100,25,30.90,101.80,0.00,403.00,0,0,0
2023-08-10T15:26:20Z,23.72,64.41,100,22,38.46,101.80,0.00,403.00,null,null,null
2023-08-10T15:27:20Z,23.74,64.35,100,21,33.68,101.80,0.00,403.00,null,null,null
2023-08-10T15:28:20Z,23.71,64.35,100,20,28.58,101.80,0.00,403.00,null,null,null
2023-08-10T15:29:20Z,23.71,64.41,100,17,28.20,101.80,1.00,408.00,null,null,null
2023-08-10T15:30:20Z,23.68,64.37,100,18,32.26,101.79,1.00,413.00,0,0,0
2023-08-10T15:31:20Z,23.71,64.33,100,18,27.89,101.79,1.00,408.00,null,null,null
2023-08-10T15:32:20Z,23.74,64.27,100,18,30.55,101.78,1.00,413.00,null,null,null
2023-08-10T15:33:20Z,23.72,64.28,100,18,29.27,101.78,1.00,413.00,null,null,null
2023-08-10T15:34:20Z,23.72,64.29,100,17,29.94,101.78,1.00,408.00,null,null,null
2023-08-10T15:35:20Z,23.71,64.28,100,17,29.83,101.78,1.00,408.00,0,0,0
2023-08-10T15:36:20Z,23.72,64.28,100,16,27.90,101.78,1.00,413.00,null,null,null
2023-08-10T15:37:20Z,23.75,64.23,100,16,30.66,101.78,1.00,408.00,null,null,null
2023-08-10T15:38:20Z,23.72,64.25,100,16,30.28,101.77,0.00,400.00,null,null,null
2023-08-10T15:39:20Z,23.71,64.17,100,16,28.47,101.77,3.00,426.00,null,null,null
2023-08-10T15:40:20Z,23.71,64.22,100,15,28.07,101.77,4.00,428.00,0,0,0
2023-08-10T15:41:20Z,23.72,64.23,100,15,31.58,101.77,3.00,424.00,null,null,null
2023-08-10T15:42:20Z,23.75,64.15,100,15,28.91,101.76,3.00,424.00,null,null,null
2023-08-10T15:43:20Z,23.72,64.20,100,15,32.31,101.76,0.00,400.00,null,null,null
2023-08-10T15:44:20Z,23.72,64.15,100,15,31.04,101.75,5.00,435.00,null,null,null
2023-08-10T15:45:20Z,23.71,64.16,100,15,27.90,101.75,5.00,435.00,0,0,0
2023-08-10T15:46:20Z,23.70,64.16,100,14,34.27,101.75,5.00,435.00,null,null,null
2023-08-10T15:47:20Z,23.72,64.11,100,14,33.56,101.75,5.00,435.00,null,null,null
2023-08-10T15:48:20Z,23.72,64.11,100,14,30.83,101.74,5.00,435.00,null,null,null
2023-08-10T15:49:20Z,23.75,64.08,100,14,31.74,101.74,5.00,435.00,null,null,null
2023-08-10T15:50:20Z,23.70,64.17,100,14,30.14,101.75,0.00,405.00,0,0,0
2023-08-10T15:51:20Z,23.72,64.15,100,14,34.43,101.74,5.00,435.00,null,null,null
2023-08-10T15:52:20Z,23.74,64.13,100,14,28.54,101.74,6.00,441.00,null,null,null
2023-08-10T15:53:20Z,23.74,64.14,100,14,30.52,101.75,5.00,435.00,null,null,null
2023-08-10T15:54:20Z,23.74,64.16,100,14,31.55,101.74,5.00,435.00,null,null,null
2023-08-10T15:55:20Z,23.72,64.13,100,13,28.22,101.74,5.00,435.00,0,0,0
2023-08-10T15:56:20Z,23.74,64.17,100,13,28.11,101.74,5.00,435.00,null,null,null
2023-08-10T15:57:20Z,23.75,64.15,100,13,28.07,101.74,6.00,441.00,null,null,null
2023-08-10T15:58:20Z,23.75,64.12,100,13,31.69,101.74,0.00,400.00,null,null,null
2023-08-10T15:59:20Z,23.71,64.14,100,14,29.42,101.74,0.00,400.00,null,null,null
2023-08-10T16:00:20Z,23.74,64.16,100,14,30.34,101.75,5.00,435.00,0,0,0
2023-08-10T16:01:20Z,23.75,64.12,100,14,27.69,101.74,4.00,427.00,null,null,null
2023-08-10T16:02:20Z,23.75,64.13,100,14,28.73,101.74,0.00,400.00,null,null,null
2023-08-10T16:03:20Z,23.75,64.10,100,14,31.86,101.74,0.00,400.00,null,null,null
2023-08-10T16:04:20Z,23.75,64.08,100,14,29.26,101.75,0.00,400.00,null,null,null
2023-08-10T16:05:20Z,23.72,64.14,100,13,33.07,101.75,0.00,400.00,0,0,0
2023-08-10T16:06:20Z,23.74,64.11,100,13,28.39,101.75,5.00,435.00,null,null,null
2023-08-10T16:07:20Z,23.77,64.07,100,13,30.43,101.74,5.00,435.00,null,null,null
2023-08-10T16:08:20Z,23.77,64.10,100,13,29.42,101.75,0.00,400.00,null,null,null
2023-08-10T16:09:20Z,23.77,64.11,100,13,30.02,101.75,0.00,400.00,null,null,null
2023-08-10T16:10:20Z,23.77,64.11,100,13,28.14,101.75,0.00,400.00,0,0,0
2023-08-10T16:11:20Z,23.77,64.13,100,13,32.51,101.75,0.00,400.00,null,null,null
2023-08-10T16:12:20Z,23.78,64.09,100,13,31.33,101.75,0.00,405.00,null,null,null
2023-08-10T16:13:20Z,23.77,64.11,100,13,30.25,101.75,0.00,400.00,null,null,null
2023-08-10T16:14:20Z,23.77,64.11,100,13,33.53,101.76,3.00,420.00,null,null,null
2023-08-10T16:15:20Z,23.75,64.11,100,13,29.63,101.76,0.00,406.00,0,0,0
2023-08-10T16:16:20Z,23.77,64.14,100,14,28.40,101.75,3.00,420.00,null,null,null
2023-08-10T16:17:20Z,23.80,64.10,100,16,33.90,101.76,0.00,406.00,null,null,null
2023-08-10T16:18:20Z,23.75,64.10,100,16,27.87,101.76,2.00,415.00,null,null,null
2023-08-10T16:19:20Z,23.77,64.09,100,15,39.10,101.76,1.00,409.00,null,null,null
2023-08-10T16:20:20Z,23.75,64.13,100,14,30.40,101.76,2.00,415.00,0,0,0
2023-08-10T16:21:20Z,23.78,64.11,100,14,31.47,101.76,1.00,409.00,null,null,null
2023-08-10T16:22:20Z,23.78,64.07,100,14,33.99,101.76,1.00,409.00,null,null,null
2023-08-10T16:23:20Z,23.78,64.09,100,13,30.46,101.76,2.00,415.00,null,null,null
2023-08-10T16:24:20Z,23.78,64.09,100,13,27.04,101.76,2.00,415.00,null,null,null
2023-08-10T16:25:20Z,23.77,64.13,100,13,27.92,101.76,2.00,415.00,0,0,0
2023-08-10T16:26:20Z,23.81,64.07,100,13,29.22,101.76,1.00,409.00,null,null,null
2023-08-10T16:27:20Z,23.81,64.02,100,13,28.50,101.76,1.00,409.00,null,null,null
2023-08-10T16:28:20Z,23.81,64.06,100,13,30.97,101.77,1.00,409.00,null,null,null
2023-08-10T16:29:20Z,23.80,64.10,100,13,29.12,101.77,2.00,415.00,null,null,null
2023-08-10T16:30:20Z,23.78,64.11,100,13,30.78,101.77,3.00,420.00,0,0,0
2023-08-10T16:31:20Z,23.78,64.07,100,13,30.86,101.77,2.00,415.00,null,null,null
2023-08-10T16:32:20Z,23.81,64.04,100,13,27.85,101.77,0.00,406.00,null,null,null
2023-08-10T16:33:20Z,23.81,64.08,100,13,29.88,101.77,2.00,415.00,null,null,null
2023-08-10T16:34:20Z,23.78,64.08,100,13,28.11,101.77,2.00,415.00,null,null,null
2023-08-10T16:35:20Z,23.78,64.13,100,13,41.15,101.78,2.00,415.00,0,0,0
2023-08-10T16:36:20Z,23.81,64.09,100,13,28.81,101.77,3.00,420.00,null,null,null
2023-08-10T16:37:20Z,23.82,64.01,100,13,38.34,101.77,3.00,420.00,null,null,null
2023-08-10T16:38:20Z,23.81,64.02,100,13,31.37,101.77,1.00,409.00,null,null,null
2023-08-10T16:39:20Z,23.81,64.09,100,13,28.60,101.77,2.00,415.00,null,null,null
2023-08-10T16:40:20Z,23.81,64.04,100,12,29.18,101.78,2.00,415.00,0,0,0
2023-08-10T16:41:20Z,23.81,64.06,100,12,30.70,101.77,3.00,420.00,null,null,null
2023-08-10T16:42:20Z,23.82,64.00,100,12,27.20,101.77,2.00,415.00,null,null,null
2023-08-10T16:43:20Z,23.81,63.99,100,12,29.16,101.78,3.00,420.00,null,null,null
2023-08-10T16:44:20Z,23.81,63.96,100,12,38.46,101.78,3.00,420.00,null,null,null
2023-08-10T16:45:20Z,23.80,64.00,100,12,30.32,101.78,1.00,409.00,0,0,0
2023-08-10T16:46:20Z,23.81,63.99,100,12,34.82,101.78,0.00,406.00,null,null,null
2023-08-10T16:47:20Z,23.82,63.94,100,12,38.71,101.78,0.00,406.00,null,null,null
2023-08-10T16:48:20Z,23.82,63.93,100,13,31.30,101.78,1.00,409.00,null,null,null
2023-08-10T16:49:20Z,23.81,63.86,100,13,34.17,101.78,0.00,401.00,null,null,null
2023-08-10T16:50:20Z,23.78,63.95,100,12,28.25,101.78,0.00,401.00,0,0,0
2023-08-10T16:51:20Z,23.81,63.88,100,12,30.24,101.78,0.00,406.00,null,null,null
2023-08-10T16:52:20Z,23.84,63.85,100,12,34.02,101.77,0.00,401.00,null,null,null
2023-08-10T16:53:20Z,23.82,63.76,100,12,30.34,101.77,0.00,406.00,null,null,null
2023-08-10T16:54:20Z,23.82,63.84,100,12,33.89,101.78,0.00,406.00,null,null,null
2023-08-10T16:55:20Z,23.80,63.85,100,12,31.62,101.77,0.00,401.00,0,0,0
2023-08-10T16:56:20Z,23.84,63.80,100,12,28.55,101.77,0.00,401.00,null,null,null
2023-08-10T16:57:20Z,23.84,63.70,100,12,31.12,101.77,0.00,406.00,null,null,null
2023-08-10T16:58:20Z,23.84,63.80,100,12,29.77,101.77,1.00,413.00,null,null,null
2023-08-10T16:59:20Z,23.82,63.78,100,12,29.88,101.77,1.00,409.00,null,null,null
2023-08-10T17:00:20Z,23.81,63.83,100,12,26.73,101.77,1.00,409.00,0,0,0
2023-08-10T17:01:20Z,23.85,63.74,100,17,32.83,101.77,2.00,415.00,null,null,null
2023-08-10T17:02:20Z,23.84,63.81,100,17,32.95,101.78,1.00,409.00,null,null,null
2023-08-10T17:03:20Z,23.84,63.91,100,16,30.03,101.77,3.00,420.00,null,null,null
2023-08-10T17:04:20Z,23.84,64.01,100,16,30.40,101.77,3.00,420.00,null,null,null
2023-08-10T17:05:20Z,23.82,64.20,100,16,34.22,101.77,4.00,427.00,0,0,0
2023-08-10T17:06:20Z,23.88,64.33,100,16,30.19,101.77,5.00,439.00,null,null,null
2023-08-10T17:07:20Z,23.89,64.30,100,16,34.30,101.77,6.00,442.00,null,null,null
2023-08-10T17:08:20Z,23.86,64.27,100,16,31.90,101.77,7.00,446.00,null,null,null
2023-08-10T17:09:20Z,23.88,64.21,100,16,31.64,101.78,7.00,450.00,null,null,null
2023-08-10T17:10:20Z,23.88,64.14,100,15,30.14,101.78,7.00,452.00,0,0,0
2023-08-10T17:11:20Z,23.89,63.98,100,15,39.10,101.78,7.00,448.00,null,null,null
2023-08-10T17:12:20Z,23.92,63.87,100,15,31.42,101.77,6.00,444.00,null,null,null
2023-08-10T17:13:20Z,23.92,63.91,100,14,46.28,101.78,6.00,444.00,null,null,null
2023-08-10T17:14:20Z,23.92,63.93,100,14,52.46,101.77,6.00,444.00,null,null,null
2023-08-10T17:15:20Z,23.92,63.99,100,15,43.39,101.78,6.00,444.00,0,0,0
2023-08-10T17:16:20Z,23.95,64.07,100,15,39.79,101.77,6.00,444.00,null,null,null
2023-08-10T17:17:20Z,23.93,64.00,100,15,38.26,101.78,6.00,444.00,null,null,null
2023-08-10T17:18:20Z,23.97,64.00,100,16,37.99,101.78,7.00,448.00,null,null,null
2023-08-10T17:19:20Z,23.98,64.24,100,16,42.88,101.78,7.00,448.00,null,null,null
2023-08-10T17:20:20Z,23.99,64.28,100,17,34.03,101.78,7.00,452.00,0,0,0
2023-08-10T17:21:20Z,23.99,64.22,100,16,44.05,101.78,7.00,450.00,null,null,null
2023-08-10T17:22:20Z,24.02,64.19,100,19,46.57,101.77,7.00,452.00,null,null,null
2023-08-10T17:23:20Z,24.04,64.28,100,19,40.13,101.77,9.00,462.00,null,null,null
2023-08-10T17:24:20Z,23.99,64.42,100,19,37.49,101.77,11.00,477.00,null,null,null
2023-08-10T17:25:20Z,24.01,64.48,100,19,37.93,101.77,12.00,485.00,0,0,0
2023-08-10T17:26:20Z,24.02,64.58,100,19,35.70,101.77,13.00,491.00,null,null,null
2023-08-10T17:27:20Z,24.06,64.56,100,20,35.21,101.76,14.00,498.00,null,null,null
2023-08-10T17:28:20Z,24.08,64.60,100,20,45.26,101.77,17.00,517.00,null,null,null
2023-08-10T17:29:20Z,24.08,64.49,100,20,42.30,101.77,19.00,526.00,null,null,null
2023-08-10T17:30:20Z,24.05,64.67,100,19,42.87,101.77,20.00,534.00,0,0,0
2023-08-10T17:31:20Z,24.09,64.77,100,19,33.53,101.76,23.00,552.00,null,null,null
2023-08-10T17:32:20Z,24.06,64.75,100,19,31.32,101.76,25.00,569.00,null,null,null
2023-08-10T17:33:20Z,24.08,64.87,100,19,36.63,101.76,27.00,578.00,null,null,null
2023-08-10T17:34:20Z,24.09,65.01,100,20,36.98,101.76,30.00,602.00,null,null,null
2023-08-10T17:35:20Z,24.08,65.08,100,22,34.27,101.76,36.00,638.00,0,0,0
2023-08-10T17:36:20Z,24.12,65.03,100,25,37.48,101.76,38.00,653.00,null,null,null
2023-08-10T17:37:20Z,24.12,65.06,100,26,45.33,101.76,42.00,679.00,null,null,null
2023-08-10T17:38:20Z,24.12,65.06,100,27,39.17,101.76,44.00,694.00,null,null,null
2023-08-10T17:39:20Z,24.13,65.20,100,28,35.25,101.77,48.00,719.00,null,null,null
2023-08-10T17:40:20Z,24.12,65.24,100,28,37.75,101.76,51.00,740.00,0,0,0
2023-08-10T17:41:20Z,24.15,65.22,100,28,41.79,101.76,53.00,752.00,null,null,null
2023-08-10T17:42:20Z,24.18,65.28,100,26,41.61,101.77,56.00,770.00,null,null,null
2023-08-10T17:43:20Z,24.18,65.39,100,23,39.91,101.77,55.00,763.00,null,null,null
2023-08-10T17:44:20Z,24.19,65.40,100,19,43.31,101.77,56.00,774.00,null,null,null
2023-08-10T17:45:20Z,24.15,65.30,100,16,37.33,101.76,56.00,774.00,0,0,0
2023-08-10T17:46:20Z,24.22,65.27,100,14,43.38,101.77,59.00,793.00,null,null,null
2023-08-10T17:47:20Z,24.22,65.59,100,13,33.59,101.77,61.00,802.00,null,null,null
2023-08-10T17:48:20Z,24.22,65.44,100,13,36.81,101.77,64.00,821.00,null,null,null
2023-08-10T17:49:20Z,24.22,65.04,100,13,34.34,101.77,62.00,813.00,null,null,null
2023-08-10T17:50:20Z,24.19,65.68,100,13,38.27,101.76,60.00,800.00,0,0,0
2023-08-10T17:51:20Z,24.23,65.05,100,13,36.33,101.76,62.00,813.00,null,null,null
2023-08-10T17:52:20Z,24.23,65.06,100,12,38.65,101.76,62.00,808.00,null,null,null
2023-08-10T17:53:20Z,24.25,65.47,100,12,44.56,101.77,62.00,808.00,null,null,null
2023-08-10T17:54:20Z,24.26,65.57,100,12,53.09,101.76,63.00,817.00,null,null,null
2023-08-10T17:55:20Z,24.25,64.86,100,11,57.34,101.76,57.00,778.00,0,0,0
2023-08-10T17:56:20Z,24.30,65.35,100,12,36.01,101.76,56.00,770.00,null,null,null
2023-08-10T17:57:20Z,24.32,65.63,100,11,43.77,101.76,58.00,787.00,null,null,null
2023-08-10T17:58:20Z,24.33,65.07,100,12,41.88,101.76,58.00,787.00,null,null,null
2023-08-10T17:59:20Z,24.30,64.92,100,12,31.82,101.76,62.00,813.00,null,null,null
2023-08-10T18:00:20Z,24.30,65.74,100,12,52.97,101.76,61.00,804.00,0,0,0
2023-08-10T18:01:20Z,24.33,65.71,100,12,40.03,101.76,63.00,817.00,null,null,null
2023-08-10T18:02:20Z,24.35,65.66,100,12,38.78,101.76,63.00,817.00,null,null,null
2023-08-10T18:03:20Z,24.37,65.86,100,12,34.72,101.75,65.00,827.00,null,null,null
2023-08-10T18:04:20Z,24.35,65.56,100,12,58.47,101.75,67.00,840.00,null,null,null
2023-08-10T18:05:20Z,24.33,65.79,100,12,46.63,101.75,69.00,853.00,0,0,0
2023-08-10T18:06:20Z,24.35,65.94,100,12,47.89,101.76,69.00,857.00,null,null,null
2023-08-10T18:07:20Z,24.39,65.96,100,11,59.07,101.76,73.00,880.00,null,null,null
2023-08-10T18:08:20Z,24.37,65.90,100,12,42.91,101.76,73.00,880.00,null,null,null
2023-08-10T18:09:20Z,24.36,65.94,100,12,41.19,101.76,75.00,895.00,null,null,null
2023-08-10T18:10:20Z,24.35,65.92,100,12,46.46,101.75,73.00,880.00,0,0,0
2023-08-10T18:11:20Z,24.39,65.86,100,12,34.76,101.75,71.00,870.00,null,null,null
2023-08-10T18:12:20Z,24.40,65.34,100,12,35.89,101.76,63.00,819.00,null,null,null
2023-08-10T18:13:20Z,24.40,65.71,100,12,38.64,101.76,63.00,819.00,null,null,null
2023-08-10T18:14:20Z,24.41,63.96,100,13,52.18,101.75,63.00,817.00,null,null,null
2023-08-10T18:15:20Z,24.40,64.07,100,13,30.67,101.76,50.00,730.00,0,0,0
2023-08-10T18:16:20Z,24.44,63.88,100,13,32.62,101.76,42.00,679.00,null,null,null
2023-08-10T18:17:20Z,24.47,64.80,100,13,33.50,101.75,37.00,646.00,null,null,null
2023-08-10T18:18:20Z,24.46,64.13,100,12,29.41,101.75,34.00,629.00,null,null,null
2023-08-10T18:19:20Z,24.46,64.30,100,12,37.56,101.75,35.00,634.00,null,null,null
2023-08-10T18:20:20Z,24.47,64.02,100,12,35.47,101.76,38.00,650.00,0,0,0
2023-08-10T18:21:20Z,24.50,64.27,100,12,35.77,101.76,35.00,634.00,null,null,null
2023-08-10T18:22:20Z,24.53,63.69,100,12,33.94,101.75,30.00,600.00,null,null,null
2023-08-10T18:23:20Z,24.50,63.98,100,12,32.37,101.75,36.00,640.00,null,null,null
2023-08-10T18:24:20Z,24.48,63.70,100,11,55.15,101.75,32.00,612.00,null,null,null
2023-08-10T18:25:20Z,24.50,64.56,100,11,33.03,101.75,32.00,611.00,0,0,0
2023-08-10T18:26:20Z,24.53,64.23,100,11,36.50,101.75,28.00,586.00,null,null,null
2023-08-10T18:27:20Z,24.56,63.50,100,11,41.64,101.75,35.00,634.00,null,null,null
2023-08-10T18:28:20Z,24.56,63.39,100,10,39.16,101.76,32.00,611.00,null,null,null
2023-08-10T18:29:20Z,24.54,64.57,100,10,31.13,101.75,32.00,611.00,null,null,null
2023-08-10T18:30:20Z,24.57,64.01,100,10,34.95,101.75,35.00,631.00,0,0,0
2023-08-10T18:31:20Z,24.57,63.96,100,10,35.45,101.75,28.00,589.00,null,null,null
2023-08-10T18:32:20Z,24.57,63.71,100,10,34.12,101.75,34.00,626.00,null,null,null
2023-08-10T18:33:20Z,24.56,64.12,100,9,35.09,101.76,35.00,631.00,null,null,null
2023-08-10T18:34:20Z,24.57,64.26,100,9,34.88,101.76,36.00,640.00,null,null,null
2023-08-10T18:35:20Z,24.54,62.93,100,9,31.37,101.76,31.00,607.00,0,0,0
2023-08-10T18:36:20Z,24.56,64.28,100,9,32.89,101.76,33.00,617.00,null,null,null
2023-08-10T18:37:20Z,24.59,64.49,100,8,32.14,101.76,35.00,631.00,null,null,null
2023-08-10T18:38:20Z,24.59,64.16,100,8,30.46,101.76,33.00,623.00,null,null,null
2023-08-10T18:39:20Z,24.60,64.17,100,8,39.07,101.76,34.00,626.00,null,null,null
2023-08-10T18:40:20Z,24.54,64.71,100,6,44.32,101.76,41.00,672.00,0,0,0
2023-08-10T18:41:20Z,24.56,64.53,100,6,48.98,101.76,41.00,672.00,null,null,null
2023-08-10T18:42:20Z,24.59,64.44,100,5,43.33,101.76,47.00,712.00,null,null,null
2023-08-10T18:43:20Z,24.57,64.52,100,6,34.17,101.76,50.00,733.00,null,null,null
2023-08-10T18:44:20Z,24.57,64.54,100,6,45.62,101.76,50.00,733.00,null,null,null
2023-08-10T18:45:20Z,24.56,64.72,100,6,35.68,101.76,53.00,749.00,0,0,0
2023-08-10T18:46:20Z,24.57,63.49,100,6,45.63,101.76,56.00,770.00,null,null,null
2023-08-10T18:47:20Z,24.57,63.13,100,6,72.93,101.77,51.00,735.00,null,null,null
2023-08-10T18:48:20Z,24.62,63.44,100,6,33.90,101.77,44.00,694.00,null,null,null
2023-08-10T18:49:20Z,24.56,63.86,100,6,30.78,101.77,42.00,678.00,null,null,null
2023-08-10T18:50:20Z,24.56,62.67,100,6,31.91,101.77,36.00,640.00,0,0,0
2023-08-10T18:51:20Z,24.54,62.31,100,6,36.74,101.77,30.00,602.00,null,null,null
2023-08-10T18:52:20Z,24.57,62.55,100,6,28.68,101.77,22.00,548.00,null,null,null
2023-08-10T18:53:20Z,24.54,62.67,100,6,29.83,101.77,17.00,515.00,null,null,null
2023-08-10T18:54:20Z,24.52,62.66,100,6,44.97,101.77,19.00,527.00,null,null,null
2023-08-10T18:55:20Z,24.52,62.66,100,6,32.06,101.77,21.00,539.00,0,0,0
2023-08-10T18:56:20Z,24.52,62.95,100,6,31.27,101.77,19.00,527.00,null,null,null
2023-08-10T18:57:20Z,24.56,62.54,100,6,33.37,101.77,23.00,551.00,null,null,null
2023-08-10T18:58:20Z,24.53,62.49,100,6,33.76,101.77,20.00,533.00,null,null,null
2023-08-10T18:59:20Z,24.50,62.14,100,6,32.29,101.77,15.00,500.00,null,null,null
2023-08-10T19:00:20Z,24.48,61.85,100,6,33.96,101.77,9.00,464.00,0,0,0
2023-08-10T19:01:20Z,24.50,62.06,100,6,36.84,101.78,8.00,457.00,null,null,null
2023-08-10T19:02:20Z,24.52,61.65,100,6,33.32,101.78,5.00,433.00,null,null,null
2023-08-10T19:03:20Z,24.48,61.73,100,6,33.11,101.78,1.00,413.00,null,null,null
2023-08-10T19:04:20Z,24.48,61.66,100,6,29.88,101.78,0.00,400.00,null,null,null
2023-08-10T19:05:20Z,24.44,61.68,100,6,30.60,101.78,0.00,400.00,0,0,0
2023-08-10T19:06:20Z,24.46,61.66,100,5,36.29,101.78,0.00,400.00,null,null,null
2023-08-10T19:07:20Z,24.44,61.71,100,6,42.80,101.78,0.00,400.00,null,null,null
2023-08-10T19:08:20Z,24.46,61.65,100,6,32.64,101.78,0.00,400.00,null,null,null
2023-08-10T19:09:20Z,24.44,61.80,100,5,38.06,101.79,0.00,400.00,null,null,null
2023-08-10T19:10:20Z,24.39,61.85,100,5,33.86,101.79,0.00,400.00,0,0,0
2023-08-10T19:11:20Z,24.40,61.89,100,6,37.53,101.79,0.00,400.00,null,null,null
2023-08-10T19:12:20Z,24.39,61.94,100,6,35.70,101.78,0.00,400.00,null,null,null
2023-08-10T19:13:20Z,24.43,61.85,100,6,38.37,101.79,0.00,400.00,null,null,null
2023-08-10T19:14:20Z,24.39,61.91,100,5,35.70,101.79,0.00,400.00,null,null,null
2023-08-10T19:15:20Z,24.39,62.05,100,5,29.67,101.79,0.00,400.00,0,0,0
2023-08-10T19:16:20Z,24.37,62.17,100,5,32.44,101.79,0.00,400.00,null,null,null
2023-08-10T19:17:20Z,24.36,62.27,100,5,33.74,101.80,0.00,405.00,null,null,null
2023-08-10T19:18:20Z,24.37,62.15,100,6,31.15,101.80,0.00,403.00,null,null,null
2023-08-10T19:19:20Z,24.36,62.15,100,5,35.14,101.80,0.00,400.00,null,null,null
2023-08-10T19:20:20Z,24.33,62.15,100,6,36.08,101.79,0.00,400.00,0,0,0
2023-08-10T19:21:20Z,24.35,62.10,100,5,36.04,101.80,0.00,400.00,null,null,null
2023-08-10T19:22:20Z,24.35,62.31,100,6,52.54,101.80,0.00,400.00,null,null,null
2023-08-10T19:23:20Z,24.35,62.45,100,6,47.19,101.80,1.00,408.00,null,null,null
2023-08-10T19:24:20Z,24.29,62.28,100,5,30.38,101.80,1.00,413.00,null,null,null
2023-08-10T19:25:20Z,24.27,62.18,100,5,31.55,101.80,2.00,417.00,0,0,0
2023-08-10T19:26:20Z,24.30,62.00,100,5,33.20,101.80,3.00,421.00,null,null,null
2023-08-10T19:27:20Z,24.27,61.91,100,5,30.30,101.81,1.00,411.00,null,null,null
2023-08-10T19:28:20Z,24.27,61.82,100,5,34.68,101.81,1.00,408.00,null,null,null
2023-08-10T19:29:20Z,24.26,61.78,100,5,33.28,101.81,0.00,400.00,null,null,null
2023-08-10T19:30:20Z,24.23,61.88,100,5,31.12,101.81,0.00,400.00,0,0,0
2023-08-10T19:31:20Z,24.23,61.85,100,5,31.24,101.81,0.00,403.00,null,null,null
2023-08-10T19:32:20Z,24.23,61.79,100,5,47.28,101.81,0.00,400.00,null,null,null
2023-08-10T19:33:20Z,24.22,62.15,100,5,39.65,101.81,0.00,405.00,null,null,null
2023-08-10T19:34:20Z,24.20,62.79,100,5,61.23,101.81,6.00,444.00,null,null,null
2023-08-10T19:35:20Z,24.19,63.11,100,5,56.12,101.81,12.00,481.00,0,0,0
2023-08-10T19:36:20Z,24.20,62.74,100,5,36.86,101.81,15.00,501.00,null,null,null
2023-08-10T19:37:20Z,24.25,62.74,100,5,44.14,101.81,19.00,526.00,null,null,null
2023-08-10T19:38:20Z,24.25,63.21,100,5,35.51,101.81,19.00,526.00,null,null,null
2023-08-10T19:39:20Z,24.23,63.14,100,5,33.77,101.81,24.00,560.00,null,null,null
2023-08-10T19:40:20Z,24.23,63.14,100,5,42.69,101.82,29.00,594.00,0,0,0
2023-08-10T19:41:20Z,24.27,63.45,100,5,38.45,101.81,30.00,602.00,null,null,null
2023-08-10T19:42:20Z,24.26,63.32,100,5,35.31,101.80,35.00,631.00,null,null,null
2023-08-10T19:43:20Z,24.29,63.79,100,5,49.75,101.81,37.00,649.00,null,null,null
2023-08-10T19:44:20Z,24.27,63.39,100,5,32.57,101.81,44.00,690.00,null,null,null
2023-08-10T19:45:20Z,24.27,63.36,100,5,32.73,101.81,48.00,719.00,0,0,0
2023-08-10T19:46:20Z,24.30,63.81,100,5,40.53,101.81,50.00,732.00,null,null,null
2023-08-10T19:47:20Z,24.32,63.20,100,5,31.91,101.82,53.00,754.00,null,null,null
2023-08-10T19:48:20Z,24.32,63.21,100,5,45.89,101.82,56.00,770.00,null,null,null
2023-08-10T19:49:20Z,24.30,63.64,100,5,31.38,101.82,61.00,806.00,null,null,null
2023-08-10T19:50:20Z,24.30,63.22,100,5,42.17,101.82,65.00,827.00,0,0,0
2023-08-10T19:51:20Z,24.33,63.50,100,5,41.27,101.81,64.00,825.00,null,null,null
2023-08-10T19:52:20Z,24.33,63.40,100,5,34.69,101.81,58.00,783.00,null,null,null
2023-08-10T19:53:20Z,24.33,63.69,100,4,32.67,101.82,63.00,815.00,null,null,null
2023-08-10T19:54:20Z,24.33,63.78,100,4,37.22,101.81,65.00,827.00,null,null,null
2023-08-10T19:55:20Z,24.30,64.02,100,5,31.79,101.82,67.00,846.00,0,0,0
2023-08-10T19:56:20Z,24.36,63.91,100,5,28.93,101.82,71.00,870.00,null,null,null
2023-08-10T19:57:20Z,24.35,64.06,100,5,28.64,101.81,73.00,880.00,null,null,null
2023-08-10T19:58:20Z,24.37,64.07,100,5,28.09,101.82,71.00,870.00,null,null,null
2023-08-10T19:59:20Z,24.37,63.46,100,5,29.87,101.82,69.00,857.00,null,null,null
2023-08-10T20:00:20Z,24.35,63.36,100,5,30.06,101.82,63.00,815.00,0,0,0
2023-08-10T20:01:20Z,24.36,63.30,100,5,42.24,101.82,55.00,765.00,null,null,null
2023-08-10T20:02:20Z,24.36,63.66,100,5,44.81,101.82,54.00,761.00,null,null,null
2023-08-10T20:03:20Z,24.35,63.87,100,5,50.58,101.83,55.00,765.00,null,null,null
2023-08-10T20:04:20Z,24.36,64.26,100,5,30.99,101.83,62.00,808.00,null,null,null
2023-08-10T20:05:20Z,24.35,64.49,100,6,31.41,101.83,70.00,865.00,0,0,0
2023-08-10T20:06:20Z,24.36,65.02,100,5,35.21,101.83,70.00,865.00,null,null,null
2023-08-10T20:07:20Z,24.40,64.25,100,5,46.39,101.83,76.00,905.00,null,null,null
2023-08-10T20:08:20Z,24.40,64.51,100,5,33.21,101.82,69.00,853.00,null,null,null
2023-08-10T20:09:20Z,24.41,64.84,100,5,33.00,101.83,64.00,825.00,null,null,null
2023-08-10T20:10:20Z,24.40,64.92,100,5,30.17,101.83,61.00,806.00,0,0,0
2023-08-10T20:11:20Z,24.40,64.94,100,5,55.28,101.83,63.00,815.00,null,null,null
2023-08-10T20:12:20Z,24.43,64.38,100,5,32.89,101.83,63.00,815.00,null,null,null
2023-08-10T20:13:20Z,24.41,64.78,100,5,30.20,101.83,58.00,785.00,null,null,null
2023-08-10T20:14:20Z,24.43,64.41,100,5,30.54,101.83,55.00,763.00,null,null,null
2023-08-10T20:15:20Z,24.43,63.98,100,5,46.94,101.83,53.00,749.00,0,0,0
2023-08-10T20:16:20Z,24.43,64.42,100,5,51.60,101.83,50.00,733.00,null,null,null
2023-08-10T20:17:20Z,24.41,64.75,100,5,40.01,101.83,50.00,730.00,null,null,null
2023-08-10T20:18:20Z,24.43,64.11,100,5,35.02,101.83,55.00,763.00,null,null,null
2023-08-10T20:19:20Z,24.44,64.49,100,5,31.82,101.83,57.00,776.00,null,null,null
2023-08-10T20:20:20Z,24.43,64.47,100,5,30.11,101.83,53.00,754.00,0,0,0
2023-08-10T20:21:20Z,24.44,64.74,100,5,31.21,101.83,55.00,763.00,null,null,null
2023-08-10T20:22:20Z,24.44,64.29,100,5,33.81,101.83,63.00,815.00,null,null,null
2023-08-10T20:23:20Z,24.44,64.39,100,5,37.65,101.83,58.00,785.00,null,null,null
2023-08-10T20:24:20Z,24.44,64.53,100,5,35.19,101.84,63.00,815.00,null,null,null
2023-08-10T20:25:20Z,24.43,64.14,100,5,29.83,101.83,64.00,825.00,0,0,0
2023-08-10T20:26:20Z,24.44,63.98,100,4,32.82,101.83,63.00,819.00,null,null,null
2023-08-10T20:27:20Z,24.44,63.97,100,5,32.33,101.83,59.00,791.00,null,null,null
2023-08-10T20:28:20Z,24.43,63.90,100,4,30.40,101.84,56.00,768.00,null,null,null
2023-08-10T20:29:20Z,24.40,63.87,100,4,33.54,101.83,50.00,733.00,null,null,null
2023-08-10T20:30:20Z,24.40,63.92,100,4,30.91,101.84,46.00,706.00,0,0,0
2023-08-10T20:31:20Z,24.40,63.90,100,5,32.89,101.84,46.00,706.00,null,null,null
2023-08-10T20:32:20Z,24.40,64.22,100,5,30.76,101.84,46.00,706.00,null,null,null
2023-08-10T20:33:20Z,24.39,64.03,100,5,30.96,101.84,46.00,706.00,null,null,null
2023-08-10T20:34:20Z,24.36,64.06,100,5,35.19,101.84,46.00,706.00,null,null,null
2023-08-10T20:35:20Z,24.37,64.10,100,5,28.44,101.84,46.00,706.00,0,0,0
2023-08-10T20:36:20Z,24.40,64.39,100,4,30.80,101.84,43.00,686.00,null,null,null
2023-08-10T20:37:20Z,24.40,64.41,100,4,36.67,101.84,48.00,717.00,null,null,null
2023-08-10T20:38:20Z,24.40,64.45,100,4,30.69,101.84,51.00,737.00,null,null,null
2023-08-10T20:39:20Z,24.37,64.20,100,5,30.46,101.84,53.00,749.00,null,null,null
2023-08-10T20:40:20Z,24.37,64.33,100,5,30.11,101.85,53.00,754.00,0,0,0
2023-08-10T20:41:20Z,24.39,64.17,100,4,31.53,101.85,51.00,737.00,null,null,null
2023-08-10T20:42:20Z,24.40,64.36,100,5,34.54,101.85,53.00,754.00,null,null,null
2023-08-10T20:43:20Z,24.40,64.17,100,5,31.84,101.85,55.00,763.00,null,null,null
2023-08-10T20:44:20Z,24.40,64.33,100,5,28.93,101.85,53.00,754.00,null,null,null
2023-08-10T20:45:20Z,24.36,64.54,100,5,30.54,101.85,51.00,737.00,0,0,0
2023-08-10T20:46:20Z,24.39,64.31,100,5,30.43,101.85,51.00,737.00,null,null,null
2023-08-10T20:47:20Z,24.40,64.07,100,5,36.53,101.85,46.00,702.00,null,null,null
2023-08-10T20:48:20Z,24.39,64.18,100,5,28.66,101.85,45.00,699.00,null,null,null
2023-08-10T20:49:20Z,24.37,64.49,100,5,28.99,101.86,44.00,690.00,null,null,null
2023-08-10T20:50:20Z,24.37,64.65,100,5,30.48,101.86,50.00,730.00,0,0,0
2023-08-10T20:51:20Z,24.36,64.30,100,5,32.42,101.86,50.00,730.00,null,null,null
2023-08-10T20:52:20Z,24.39,64.00,100,5,27.49,101.86,48.00,717.00,null,null,null
2023-08-10T20:53:20Z,24.37,64.32,100,5,33.70,101.86,46.00,706.00,null,null,null
2023-08-10T20:54:20Z,24.39,64.40,100,5,29.70,101.86,53.00,754.00,null,null,null
2023-08-10T20:55:20Z,24.37,64.51,100,5,32.09,101.86,56.00,772.00,0,0,0
2023-08-10T20:56:20Z,24.37,64.16,100,5,31.28,101.87,56.00,772.00,null,null,null
2023-08-10T20:57:20Z,24.36,64.08,100,5,30.46,101.87,54.00,759.00,null,null,null
2023-08-10T20:58:20Z,24.36,63.94,100,5,34.45,101.87,52.00,742.00,null,null,null
2023-08-10T20:59:20Z,24.33,64.64,100,4,33.48,101.88,60.00,800.00,null,null,null
2023-08-10T21:00:20Z,24.33,64.37,100,5,43.74,101.87,60.00,795.00,0,0,0
2023-08-10T21:01:20Z,24.36,64.70,100,5,32.50,101.88,53.00,754.00,null,null,null
2023-08-10T21:02:20Z,24.36,65.03,100,4,33.97,101.88,53.00,754.00,null,null,null
2023-08-10T21:03:20Z,24.35,64.33,100,5,34.19,101.88,63.00,815.00,null,null,null
2023-08-10T21:04:20Z,24.33,64.78,100,5,50.11,101.88,64.00,825.00,null,null,null
2023-08-10T21:05:20Z,24.32,64.99,100,5,27.97,101.88,64.00,821.00,0,0,0
2023-08-10T21:06:20Z,24.35,64.96,100,5,29.08,101.87,63.00,815.00,null,null,null
2023-08-10T21:07:20Z,24.33,65.14,100,5,28.92,101.87,57.00,776.00,null,null,null
2023-08-10T21:08:20Z,24.30,64.74,100,4,27.64,101.86,55.00,763.00,null,null,null
2023-08-10T21:09:20Z,24.33,64.56,100,5,27.18,101.86,53.00,749.00,null,null,null
2023-08-10T21:10:20Z,24.29,64.87,100,5,33.68,101.87,51.00,737.00,0,0,0
2023-08-10T21:11:20Z,24.30,65.53,100,5,36.70,101.87,50.00,730.00,null,null,null
2023-08-10T21:12:20Z,24.32,65.28,100,5,30.28,101.86,51.00,740.00,null,null,null
2023-08-10T21:13:20Z,24.29,65.27,100,5,36.57,101.86,53.00,748.00,null,null,null
2023-08-10T21:14:20Z,24.32,65.82,100,5,37.37,101.86,57.00,778.00,null,null,null
2023-08-10T21:15:20Z,24.29,65.55,100,5,32.72,101.87,63.00,817.00,0,0,0
2023-08-10T21:16:20Z,24.29,65.54,100,5,30.01,101.87,62.00,808.00,null,null,null
2023-08-10T21:17:20Z,24.29,65.53,100,5,33.17,101.86,58.00,787.00,null,null,null
2023-08-10T21:18:20Z,24.30,64.91,100,3,29.35,101.86,56.00,770.00,null,null,null
2023-08-10T21:19:20Z,24.29,65.36,100,5,31.28,101.86,57.00,776.00,null,null,null
2023-08-10T21:20:20Z,24.27,65.54,100,5,28.09,101.85,57.00,778.00,0,0,0
2023-08-10T21:21:20Z,24.29,65.69,100,5,30.82,101.86,62.00,808.00,null,null,null
2023-08-10T21:22:20Z,24.30,65.18,100,5,29.47,101.86,62.00,808.00,null,null,null
2023-08-10T21:23:20Z,24.27,65.19,100,5,27.90,101.86,58.00,785.00,null,null,null
2023-08-10T21:24:20Z,24.27,65.28,100,5,34.11,101.86,58.00,785.00,null,null,null
2023-08-10T21:25:20Z,24.25,65.41,100,5,27.92,101.86,56.00,770.00,0,0,0
2023-08-10T21:26:20Z,24.23,65.21,100,6,31.77,101.86,51.00,740.00,null,null,null
2023-08-10T21:27:20Z,24.26,64.87,100,5,28.64,101.86,51.00,737.00,null,null,null
2023-08-10T21:28:20Z,24.26,65.95,100,5,33.93,101.86,52.00,746.00,null,null,null
2023-08-10T21:29:20Z,24.25,66.01,100,5,31.00,101.87,56.00,772.00,null,null,null
2023-08-10T21:30:20Z,24.25,65.03,100,5,34.34,101.87,56.00,772.00,0,0,0
2023-08-10T21:31:20Z,24.27,65.38,100,5,29.38,101.87,47.00,714.00,null,null,null
2023-08-10T21:32:20Z,24.26,65.53,100,5,33.56,101.87,48.00,719.00,null,null,null
2023-08-10T21:33:20Z,24.26,65.64,100,5,30.78,101.87,56.00,770.00,null,null,null
2023-08-10T21:34:20Z,24.27,65.68,100,5,27.87,101.86,64.00,825.00,null,null,null
2023-08-10T21:35:20Z,24.25,65.83,100,5,33.30,101.87,71.00,868.00,0,0,0
2023-08-10T21:36:20Z,24.29,65.71,100,5,32.62,101.87,73.00,880.00,null,null,null
2023-08-10T21:37:20Z,24.29,65.69,100,5,34.68,101.87,77.00,907.00,null,null,null
2023-08-10T21:38:20Z,24.33,65.73,100,5,28.93,101.87,80.00,930.00,null,null,null
2023-08-10T21:39:20Z,24.29,65.61,100,5,28.47,101.87,80.00,930.00,null,null,null
2023-08-10T21:40:20Z,24.29,65.71,100,5,30.76,101.87,80.00,930.00,0,0,0
2023-08-10T21:41:20Z,24.32,65.58,100,5,30.22,101.87,80.00,930.00,null,null,null
2023-08-10T21:42:20Z,24.33,65.71,100,5,30.26,101.87,79.00,920.00,null,null,null
2023-08-10T21:43:20Z,24.33,65.59,100,5,31.72,101.86,79.00,920.00,null,null,null
2023-08-10T21:44:20Z,24.33,65.55,100,5,32.08,101.86,79.00,920.00,null,null,null
2023-08-10T21:45:20Z,24.29,65.73,100,5,35.15,101.87,77.00,907.00,0,0,0
2023-08-10T21:46:20Z,24.33,65.46,100,5,32.29,101.86,75.00,897.00,null,null,null
2023-08-10T21:47:20Z,24.35,65.70,100,5,30.70,101.86,75.00,897.00,null,null,null
2023-08-10T21:48:20Z,24.35,65.59,100,5,30.81,101.87,75.00,897.00,null,null,null
2023-08-10T21:49:20Z,24.33,65.89,100,5,29.92,101.87,75.00,897.00,null,null,null
2023-08-10T21:50:20Z,24.32,65.63,100,5,34.42,101.86,74.00,889.00,0,0,0
2023-08-10T21:51:20Z,24.35,65.69,100,5,34.56,101.86,75.00,897.00,null,null,null
2023-08-10T21:52:20Z,24.33,65.67,100,5,29.46,101.86,74.00,887.00,null,null,null
2023-08-10T21:53:20Z,24.36,65.71,100,5,30.06,101.86,74.00,887.00,null,null,null
2023-08-10T21:54:20Z,24.35,65.76,100,5,41.15,101.86,73.00,880.00,null,null,null
2023-08-10T21:55:20Z,24.35,65.33,100,5,39.80,101.86,71.00,872.00,0,0,0
2023-08-10T21:56:20Z,24.35,65.38,100,5,33.47,101.87,71.00,868.00,null,null,null
2023-08-10T21:57:20Z,24.37,65.43,100,5,40.80,101.87,73.00,880.00,null,null,null
2023-08-10T21:58:20Z,24.37,65.19,100,5,34.84,101.86,73.00,880.00,null,null,null
2023-08-10T21:59:20Z,24.35,65.20,100,4,49.10,101.86,71.00,868.00,null,null,null
2023-08-10T22:00:20Z,24.35,65.27,100,4,52.54,101.86,74.00,887.00,0,0,0
2023-08-10T22:01:20Z,24.39,65.29,100,5,29.79,101.85,71.00,868.00,null,null,null
2023-08-10T22:02:20Z,24.37,65.44,100,5,38.46,101.85,73.00,880.00,null,null,null
2023-08-10T22:03:20Z,24.39,64.13,100,5,36.98,101.85,74.00,887.00,null,null,null
2023-08-10T22:04:20Z,24.39,64.16,100,5,28.63,101.85,66.00,836.00,null,null,null
2023-08-10T22:05:20Z,24.37,64.24,100,6,33.05,101.85,59.00,791.00,0,0,0
2023-08-10T22:06:20Z,24.36,64.20,100,5,36.26,101.84,53.00,754.00,null,null,null
2023-08-10T22:07:20Z,24.36,63.97,100,6,30.97,101.84,49.00,726.00,null,null,null
2023-08-10T22:08:20Z,24.35,63.95,100,5,34.68,101.84,44.00,690.00,null,null,null
2023-08-10T22:09:20Z,24.33,63.77,100,5,32.96,101.84,41.00,674.00,null,null,null
2023-08-10T22:10:20Z,24.32,64.05,100,5,46.33,101.84,37.00,643.00,0,0,0
2023-08-10T22:11:20Z,24.33,63.92,100,5,53.46,101.84,36.00,637.00,null,null,null
2023-08-10T22:12:20Z,24.32,64.12,100,5,37.46,101.83,32.00,615.00,null,null,null
2023-08-10T22:13:20Z,24.29,63.90,100,5,33.25,101.83,34.00,626.00,null,null,null
2023-08-10T22:14:20Z,24.29,64.30,100,5,48.54,101.83,40.00,666.00,null,null,null
2023-08-10T22:15:20Z,24.23,63.89,100,5,36.79,101.84,38.00,650.00,0,0,0
2023-08-10T22:16:20Z,24.23,63.70,100,5,28.37,101.83,38.00,650.00,null,null,null
2023-08-10T22:17:20Z,24.25,63.81,100,5,46.23,101.83,36.00,637.00,null,null,null
2023-08-10T22:18:20Z,24.20,63.78,100,5,42.32,101.84,37.00,643.00,null,null,null
2023-08-10T22:19:20Z,24.15,63.98,100,5,31.20,101.83,36.00,638.00,null,null,null
2023-08-10T22:20:20Z,24.12,63.87,100,5,31.86,101.83,37.00,643.00,0,0,0
2023-08-10T22:21:20Z,24.10,63.95,100,5,27.08,101.83,39.00,660.00,null,null,null
2023-08-10T22:22:20Z,24.09,63.89,100,5,30.24,101.83,36.00,638.00,null,null,null
2023-08-10T22:23:20Z,24.06,63.95,100,5,27.22,101.83,34.00,624.00,null,null,null
2023-08-10T22:24:20Z,24.02,63.99,100,5,28.68,101.83,33.00,618.00,null,null,null
2023-08-10T22:25:20Z,23.98,63.98,100,5,31.67,101.83,30.00,597.00,0,0,0
2023-08-10T22:26:20Z,24.01,64.10,100,5,34.01,101.83,26.00,577.00,null,null,null
2023-08-10T22:27:20Z,23.93,64.06,100,5,30.85,101.83,26.00,577.00,null,null,null
2023-08-10T22:28:20Z,23.97,64.01,100,5,28.33,101.82,27.00,581.00,null,null,null
2023-08-10T22:29:20Z,23.92,64.41,100,5,31.38,101.82,25.00,567.00,null,null,null
2023-08-10T22:30:20Z,23.89,64.11,100,5,32.10,101.82,26.00,574.00,0,0,0
2023-08-10T22:31:20Z,23.89,64.33,100,5,30.38,101.82,25.00,567.00,null,null,null
2023-08-10T22:32:20Z,23.86,64.17,100,5,37.03,101.83,25.00,565.00,null,null,null
2023-08-10T22:33:20Z,23.86,64.49,100,5,28.58,101.82,23.00,556.00,null,null,null
2023-08-10T22:34:20Z,23.84,64.56,100,5,29.48,101.83,23.00,553.00,null,null,null
2023-08-10T22:35:20Z,23.78,64.48,100,5,29.71,101.83,26.00,574.00,0,0,0
2023-08-10T22:36:20Z,23.82,64.44,100,5,39.48,101.83,25.00,567.00,null,null,null
2023-08-10T22:37:20Z,23.82,64.39,100,5,33.91,101.83,23.00,551.00,null,null,null
2023-08-10T22:38:20Z,23.78,64.45,100,6,39.17,101.83,22.00,545.00,null,null,null
2023-08-10T22:39:20Z,23.75,64.54,100,5,30.25,101.83,22.00,545.00,null,null,null
2023-08-10T22:40:20Z,23.72,64.53,100,5,28.84,101.83,21.00,539.00,0,0,0
2023-08-10T22:41:20Z,23.74,64.43,100,5,31.68,101.83,25.00,567.00,null,null,null
2023-08-10T22:42:20Z,23.71,64.31,100,5,34.82,101.83,23.00,555.00,null,null,null
2023-08-10T22:43:20Z,23.64,64.67,100,5,29.96,101.83,22.00,549.00,null,null,null
2023-08-10T22:44:20Z,23.60,64.74,100,5,30.99,101.83,22.00,549.00,null,null,null
2023-08-10T22:45:20Z,23.60,64.91,100,5,30.07,101.84,21.00,540.00,0,0,0
2023-08-10T22:46:20Z,23.61,65.47,100,5,36.55,101.83,21.00,543.00,null,null,null
2023-08-10T22:47:20Z,23.61,64.81,100,5,28.50,101.84,22.00,545.00,null,null,null
2023-08-10T22:48:20Z,23.58,64.74,100,5,39.12,101.84,20.00,537.00,null,null,null
2023-08-10T22:49:20Z,23.55,65.27,100,5,34.16,101.84,21.00,543.00,null,null,null
2023-08-10T22:50:20Z,23.55,65.30,100,5,28.54,101.84,20.00,533.00,0,0,0
2023-08-10T22:51:20Z,23.57,64.96,100,5,28.93,101.84,19.00,530.00,null,null,null
2023-08-10T22:52:20Z,23.58,65.34,100,5,30.35,101.84,20.00,534.00,null,null,null
2023-08-10T22:53:20Z,23.55,65.35,100,4,34.74,101.84,18.00,524.00,null,null,null
2023-08-10T22:54:20Z,23.55,65.32,100,5,29.13,101.84,18.00,524.00,null,null,null
2023-08-10T22:55:20Z,23.55,65.20,100,5,29.03,101.84,20.00,533.00,0,0,0
2023-08-10T22:56:20Z,23.58,65.16,100,5,26.26,101.84,23.00,555.00,null,null,null
2023-08-10T22:57:20Z,23.60,65.30,100,5,28.48,101.84,28.00,586.00,null,null,null
2023-08-10T22:58:20Z,23.57,65.20,100,5,28.61,101.83,29.00,591.00,null,null,null
2023-08-10T22:59:20Z,23.55,65.27,100,5,28.23,101.84,29.00,596.00,null,null,null
2023-08-10T23:00:20Z,23.54,65.05,100,5,27.14,101.84,29.00,591.00,0,0,0
2023-08-10T23:01:20Z,23.54,65.47,100,5,28.87,101.84,28.00,586.00,null,null,null
2023-08-10T23:02:20Z,23.55,65.14,100,5,29.43,101.84,30.00,600.00,null,null,null
2023-08-10T23:03:20Z,23.55,65.21,100,5,26.95,101.84,33.00,623.00,null,null,null
2023-08-10T23:04:20Z,23.53,65.46,100,5,38.11,101.84,35.00,631.00,null,null,null
2023-08-10T23:05:20Z,23.51,65.10,100,6,38.91,101.84,36.00,638.00,0,0,0
2023-08-10T23:06:20Z,23.49,64.84,100,5,28.61,101.83,35.00,631.00,null,null,null
2023-08-10T23:07:20Z,23.49,64.82,100,5,29.56,101.84,32.00,611.00,null,null,null
2023-08-10T23:08:20Z,23.47,65.33,100,5,30.54,101.83,29.00,596.00,null,null,null
2023-08-10T23:09:20Z,23.40,65.19,100,4,40.37,101.84,28.00,588.00,null,null,null
2023-08-10T23:10:20Z,23.42,65.43,100,5,30.69,101.84,28.00,586.00,0,0,0
2023-08-10T23:11:20Z,23.43,65.82,100,5,30.30,101.84,30.00,600.00,null,null,null
2023-08-10T23:12:20Z,23.42,65.68,100,5,28.55,101.84,33.00,620.00,null,null,null
2023-08-10T23:13:20Z,23.43,65.54,100,5,28.63,101.84,37.00,645.00,null,null,null
2023-08-10T23:14:20Z,23.38,65.33,100,5,27.53,101.84,37.00,645.00,null,null,null
2023-08-10T23:15:20Z,23.38,65.51,100,4,27.90,101.84,40.00,668.00,0,0,0
2023-08-10T23:16:20Z,23.38,65.57,100,5,32.29,101.84,44.00,690.00,null,null,null
2023-08-10T23:17:20Z,23.42,65.52,100,5,27.53,101.84,46.00,702.00,null,null,null
2023-08-10T23:18:20Z,23.37,65.65,100,5,36.91,101.84,47.00,710.00,null,null,null
2023-08-10T23:19:20Z,23.38,65.58,100,5,32.86,101.85,49.00,726.00,null,null,null
2023-08-10T23:20:20Z,23.36,65.47,100,5,30.59,101.84,49.00,726.00,0,0,0
2023-08-10T23:21:20Z,23.34,65.50,100,5,29.60,101.84,49.00,726.00,null,null,null
2023-08-10T23:22:20Z,23.36,65.46,100,5,32.88,101.84,50.00,730.00,null,null,null
2023-08-10T23:23:20Z,23.36,65.64,100,5,27.69,101.84,49.00,726.00,null,null,null
2023-08-10T23:24:20Z,23.31,65.63,100,5,29.47,101.84,49.00,726.00,null,null,null
2023-08-10T23:25:20Z,23.30,65.59,100,5,28.76,101.84,45.00,699.00,0,0,0
2023-08-10T23:26:20Z,23.31,65.74,100,5,28.81,101.84,46.00,702.00,null,null,null
2023-08-10T23:27:20Z,23.31,65.56,100,5,29.94,101.84,45.00,699.00,null,null,null
2023-08-10T23:28:20Z,23.31,65.69,100,5,29.36,101.84,44.00,690.00,null,null,null
2023-08-10T23:29:20Z,23.29,65.60,100,5,29.80,101.84,41.00,675.00,null,null,null
2023-08-10T23:30:20Z,23.26,65.59,100,5,28.17,101.83,42.00,682.00,0,0,0
2023-08-10T23:31:20Z,23.26,65.56,100,5,29.77,101.83,40.00,668.00,null,null,null
2023-08-10T23:32:20Z,23.26,65.62,100,5,27.69,101.83,37.00,645.00,null,null,null
2023-08-10T23:33:20Z,23.24,65.64,100,5,28.12,101.83,38.00,653.00,null,null,null
2023-08-10T23:34:20Z,23.22,65.64,100,5,27.42,101.83,46.00,702.00,null,null,null
2023-08-10T23:35:20Z,23.20,65.56,100,5,29.93,101.83,41.00,671.00,0,0,0
2023-08-10T23:36:20Z,23.23,65.84,100,5,33.49,101.83,41.00,671.00,null,null,null
2023-08-10T23:37:20Z,23.23,65.84,100,5,31.34,101.83,39.00,657.00,null,null,null
2023-08-10T23:38:20Z,23.17,66.06,100,5,28.48,101.83,36.00,637.00,null,null,null
2023-08-10T23:39:20Z,23.15,66.04,100,5,29.31,101.83,38.00,650.00,null,null,null
2023-08-10T23:40:20Z,23.17,65.75,100,5,28.61,101.83,36.00,637.00,0,0,0
2023-08-10T23:41:20Z,23.16,65.84,100,5,29.54,101.83,35.00,633.00,null,null,null
2023-08-10T23:42:20Z,23.16,65.90,100,5,27.45,101.84,32.00,614.00,null,null,null
2023-08-10T23:43:20Z,23.16,65.86,100,5,30.60,101.84,31.00,605.00,null,null,null
2023-08-10T23:44:20Z,23.15,65.85,100,5,28.28,101.83,30.00,599.00,null,null,null
2023-08-10T23:45:20Z,23.10,65.70,100,5,27.99,101.83,28.00,588.00,0,0,0
2023-08-10T23:46:20Z,23.10,66.04,100,5,30.13,101.83,29.00,592.00,null,null,null
2023-08-10T23:47:20Z,23.10,65.80,100,4,30.17,101.83,25.00,565.00,null,null,null
2023-08-10T23:48:20Z,23.09,65.84,100,5,29.57,101.84,25.00,565.00,null,null,null
2023-08-10T23:49:20Z,23.05,65.97,100,5,28.99,101.84,25.00,570.00,null,null,null
2023-08-10T23:50:20Z,23.02,65.90,100,5,43.16,101.84,25.00,570.00,0,0,0
2023-08-10T23:51:20Z,23.02,66.05,100,5,31.24,101.84,23.00,551.00,null,null,null
2023-08-10T23:52:20Z,23.00,66.13,100,5,28.11,101.83,23.00,553.00,null,null,null
2023-08-10T23:53:20Z,23.02,66.40,100,5,38.40,101.83,22.00,545.00,null,null,null
2023-08-10T23:54:20Z,23.00,66.03,100,5,48.46,101.84,21.00,539.00,null,null,null
2023-08-10T23:55:20Z,22.99,65.97,100,5,28.68,101.83,22.00,545.00,0,0,0
2023-08-10T23:56:20Z,22.96,66.20,100,5,36.75,101.84,21.00,540.00,null,null,null
2023-08-10T23:57:20Z,22.98,66.08,100,5,32.50,101.84,20.00,534.00,null,null,null
2023-08-10T23:58:20Z,23.00,66.20,100,4,33.96,101.84,20.00,534.00,null,null,null
2023-08-10T23:59:20Z,22.96,66.19,100,5,32.29,101.84,20.00,534.00,null,null,null
