Sensor_ID,LMK_KEY,ADDRESS1,ADDRESS2,ADDRESS3,POSTCODE,BUILDING_REFERENCE_NUMBER,CURRENT_ENERGY_RATING,POTENTIAL_ENERGY_RATING,CURRENT_ENERGY_EFFICIENCY,POTENTIAL_ENERGY_EFFICIENCY,PROPERTY_TYPE,BUILT_FORM,INSPECTION_DATE,LOCAL_AUTHORITY,CONSTITUENCY,COUNTY,LODGEMENT_DATE,TRANSACTION_TYPE,ENVIRONMENT_IMPACT_CURRENT,ENVIRONMENT_IMPACT_POTENTIAL,ENERGY_CONSUMPTION_CURRENT,ENERGY_CONSUMPTION_POTENTIAL,CO2_EMISSIONS_CURRENT,CO2_EMISS_CURR_PER_FLOOR_AREA,CO2_EMISSIONS_POTENTIAL,LIGHTING_COST_CURRENT,LIGHTING_COST_POTENTIAL,HEATING_COST_CURRENT,HEATING_COST_POTENTIAL,HOT_WATER_COST_CURRENT,HOT_WATER_COST_POTENTIAL,TOTAL_FLOOR_AREA,ENERGY_TARIFF,MAINS_GAS_FLAG,FLOOR_LEVEL,FLAT_TOP_STOREY,FLAT_STOREY_COUNT,MAIN_HEATING_CONTROLS,MULTI_GLAZE_PROPORTION,GLAZED_TYPE,GLAZED_AREA,EXTENSION_COUNT,NUMBER_HABITABLE_ROOMS,NUMBER_HEATED_ROOMS,LOW_ENERGY_LIGHTING,NUMBER_OPEN_FIREPLACES,HOTWATER_DESCRIPTION,HOT_WATER_ENERGY_EFF,HOT_WATER_ENV_EFF,FLOOR_DESCRIPTION,FLOOR_ENERGY_EFF,FLOOR_ENV_EFF,WINDOWS_DESCRIPTION,WINDOWS_ENERGY_EFF,WINDOWS_ENV_EFF,WALLS_DESCRIPTION,WALLS_ENERGY_EFF,WALLS_ENV_EFF,SECONDHEAT_DESCRIPTION,SHEATING_ENERGY_EFF,SHEATING_ENV_EFF,ROOF_DESCRIPTION,ROOF_ENERGY_EFF,ROOF_ENV_EFF,MAINHEAT_DESCRIPTION,MAINHEAT_ENERGY_EFF,MAINHEAT_ENV_EFF,MAINHEATCONT_DESCRIPTION,MAINHEATC_ENERGY_EFF,MAINHEATC_ENV_EFF,LIGHTING_DESCRIPTION,LIGHTING_ENERGY_EFF,LIGHTING_ENV_EFF,MAIN_FUEL,WIND_TURBINE_COUNT,HEAT_LOSS_CORRIDOR,UNHEATED_CORRIDOR_LENGTH,FLOOR_HEIGHT,PHOTO_SUPPLY,SOLAR_WATER_HEATING_FLAG,MECHANICAL_VENTILATION,ADDRESS,LOCAL_AUTHORITY_LABEL,CONSTITUENCY_LABEL,POSTTOWN,CONSTRUCTION_AGE_BAND,LODGEMENT_DATETIME,TENURE,FIXED_LIGHTING_OUTLETS_COUNT,LOW_ENERGY_FIXED_LIGHT_COUNT,UPRN,UPRN_SOURCE
BL007-02,1.43E+33,"4, John Maurice Close",,,SE17 1PY,2133453478,D,B,67,87,House,Mid-Terrace,21/03/2016,E09000028,E14000553,Greater London Authority,24/03/2016,marketed sale,64,87,211,60,2.5,37,0.8,63,47,432,330,138,81,69,Unknown,Y,NODATA!,,,2104,0,not defined,Normal,0,5,5,67,0,From main system,Good,Good,"Solid, no insulation (assumed)",NO DATA!,,Single glazed,Very Poor,Very Poor,"Cavity wall, as built, insulated (assumed)",Good,Good,None,,,"Pitched, 100 mm loft insulation",Average,Average,"Boiler and radiators, mains gas",Good,Good,Programmer and room thermostat,Average,Average,Low energy lighting in 67% of fixed outlets,Good,Good,mains gas (not community),0,NO DATA!,,2.35,,N,natural,"4, John Maurice Close",Southwark,Bermondsey and Old Southwark,LONDON,England and Wales: 1991-1995,24/03/2016 14:07,owner-occupied,,,2.00E+11,Address Matched
BL007-04,1.67E+33,Flat 12 Blossom Court,Shield Street,,SE15 6FT,285701678,B,B,84,84,Flat,Detached,04/06/2018,E09000028,E14000615,Greater London Authority,05/11/2018,new dwelling,91,91,46,46,0.7,8,0.7,61,61,166,166,109,109,88,standard tariff,,mid floor,,,,,NO DATA!,NO DATA!,,,,100,0,Community scheme,Good,Good,(other premises below),,,High performance glazing,Very Good,Very Good,Average thermal transmittance 0.15 W/m-??K,Very Good,Very Good,None,,,(other premises above),,,Community scheme,Good,Good,"Charging system linked to use of community heating, programmer and TRVs",Good,Good,Low energy lighting in all fixed outlets,Very Good,Very Good,NO DATA!,,NO DATA!,,,,,NO DATA!,"Flat 12 Blossom Court, Shield Street",Southwark,Camberwell and Peckham,LONDON,NO DATA!,05/11/2018 09:50,unknown,11,11,10094085135,Address Matched
BL007-07,9.19E+32,"3, Nutt Street",,,SE15 6LD,4424167078,C,B,75,87,House,Mid-Terrace,12/01/2017,E09000028,E14000615,Greater London Authority,12/01/2017,rental (social),74,87,150,57,1.9,26,0.8,53,53,327,327,107,70,72,Single,Y,NODATA!,,,2106,100,double glazing installed before 2002,Normal,0,3,3,100,0,From main system,Good,Good,"Solid, limited insulation (assumed)",NO DATA!,,Fully double glazed,Average,Average,"Cavity wall, as built, insulated (assumed)",Good,Good,None,,,"Pitched, 250 mm loft insulation",Good,Good,"Boiler and radiators, mains gas",Good,Good,"Programmer, room thermostat and TRVs",Good,Good,Low energy lighting in all fixed outlets,Very Good,Very Good,mains gas (not community),0,NO DATA!,,,,N,natural,"3, Nutt Street",Southwark,Camberwell and Peckham,LONDON,England and Wales: 1996-2002,12/01/2017 12:31,rental (social),,,2.00E+11,Address Matched
BL007-09,5.50E+32,"26, Coleby Path",,,SE5 7SN,8083650868,C,B,74,81,Maisonette,NO DATA!,07/10/2010,E09000028,E14000615,Greater London Authority,10/10/2010,marketed sale,69,78,215,157,2.8,36,2,48,48,392,270,139,139,78.12,Single,Y,2nd,Y,4,2301,100,double glazing installed during or after 2002,Normal,0,4,4,89,0,From main system,Good,Good,(other premises below),,,Fully double glazed,Good,Good,"Cavity wall, as built, no insulation (assumed)",Poor,Poor,None,,,"Pitched, 75 mm loft insulation",Average,Average,Community scheme,Good,Good,"Flat rate charging, no thermostatic control of room temperature",Very Poor,Very Poor,Low energy lighting in 89% of fixed outlets,Very Good,Very Good,mains gas - this is for backwards compatibility only and should not be used,0,no corridor,,2.35,0,N,natural,"26, Coleby Path",Southwark,Camberwell and Peckham,LONDON,England and Wales: 1967-1975,10/10/2010 23:37,owner-occupied,,,2.00E+11,Address Matched
BL007-13,1.29E+33,2 Sunset Buildings,"76, Edmund Street",,SE5 7NR,2722163378,B,B,85,85,Flat,Detached,26/02/2015,E09000028,E14000615,Greater London Authority,26/02/2015,new dwelling,91,91,53,53,0.7,9,0.7,46,46,160,160,101,101,72,standard tariff,,ground floor,,,,,NO DATA!,NO DATA!,,,,,0,Community scheme,Very Good,Very Good,Average thermal transmittance 0.11 W/m-??K,Very Good,Very Good,High performance glazing,Very Good,Very Good,Average thermal transmittance 0.20 W/m-??K,Very Good,Very Good,None,,,(other premises above),,,Community scheme,Very Good,Very Good,"Charging system linked to use of community heating, programmer and TRVs",Good,Good,Low energy lighting in all fixed outlets,Very Good,Very Good,NO DATA!,,NO DATA!,,,,,NO DATA!,"2 Sunset Buildings, 76, Edmund Street",Southwark,Camberwell and Peckham,LONDON,NO DATA!,26/02/2015 17:09,unknown,10,10,10091663885,Address Matched
BL007-15,1.65E+33,Flat 4 Dunvill Court,"25, Benhill Road",,SE5 7FT,6141729578,B,B,84,84,Flat,Enclosed End-Terrace,19/07/2018,E09000028,E14000615,Greater London Authority,19/07/2018,new dwelling,92,92,42,42,0.6,8,0.6,56,56,180,180,86,86,77,standard tariff,,mid floor,,,,,NO DATA!,NO DATA!,,,,100,0,From main system,Good,Good,Average thermal transmittance 0.2 W/m-??K,Very Good,Very Good,High performance glazing,Very Good,Very Good,Average thermal transmittance 0.2 W/m-??K,Very Good,Very Good,None,,,Average thermal transmittance 0.2 W/m-??K,Good,Good,"Boiler and radiators, mains gas",Good,Good,Time and temperature zone control,Very Good,Very Good,Low energy lighting in all fixed outlets,Very Good,Very Good,mains gas - this is for backwards compatibility only and should not be used,,NO DATA!,,,,,NO DATA!,"Flat 4 Dunvill Court, 25, Benhill Road",Southwark,Camberwell and Peckham,LONDON,NO DATA!,19/07/2018 09:54,owner-occupied,10,10,10093341568,Address Matched
BL007-17,1.16E+33,Flat 10 Primrose House,Peckham Hill Street,,SE15 5SS,6028264278,E,E,47,52,Maisonette,Mid-Terrace,18/06/2014,E09000028,E14000615,Greater London Authority,20/06/2014,marketed sale,41,45,382,347,5,74,4.5,44,44,877,794,129,129,67,Single,Y,3rd,Y,,2301,100,double glazing installed before 2002,Normal,0,3,3,100,0,Community scheme,Good,Good,(other premises below),,,Fully double glazed,Average,Average,"Solid brick, as built, no insulation (assumed)",Very Poor,Very Poor,None,,,"Roof room(s), no insulation (assumed)",Very Poor,Very Poor,Community scheme,Good,Good,"Flat rate charging, no thermostatic control",Very Poor,Very Poor,Low energy lighting in all fixed outlets,Very Good,Very Good,mains gas (community),0,no corridor,,,0,,natural,"Flat 10 Primrose House, Peckham Hill Street",Southwark,Camberwell and Peckham,LONDON,England and Wales: 1900-1929,20/06/2014 10:46,owner-occupied,7,7,2.00E+11,Address Matched
BL007-18,1.48E+33,Apartment 505,"6, Camberwell Passage",,SE5 0AX,6995507478,B,B,85,85,Flat,NO DATA!,14/11/2016,E09000028,E14000615,Greater London Authority,14/11/2016,new dwelling,88,88,60,60,1.1,11,1.1,63,63,255,255,92,92,102,standard tariff,,top floor,,,,,NO DATA!,NO DATA!,,,,,0,Community scheme,Very Good,Very Good,Average thermal transmittance 0.18 W/m-??K,Very Good,Very Good,High performance glazing,Very Good,Very Good,Average thermal transmittance 0.23 W/m-??K,Very Good,Very Good,None,,,Average thermal transmittance 0.18 W/m-??K,Good,Good,Community scheme,Very Good,Very Good,"Charging system linked to use of community heating, programmer and TRVs",Good,Good,Low energy lighting in all fixed outlets,Very Good,Very Good,NO DATA!,,NO DATA!,,,,,NO DATA!,"Apartment 505, 6, Camberwell Passage",Southwark,Camberwell and Peckham,LONDON,NO DATA!,14/11/2016 08:38,unknown,10,10,10093342411,Address Matched
BL007-19,4.70E+32,"19, Aylesbury Road",,,SE17 2EQ,3467194768,E,D,54,68,Flat,Mid-Terrace,23/07/2020,E09000028,E14000615,Greater London Authority,23/07/2020,marketed sale,43,60,292,191,4.3,61,2.8,120,61,656,442,91,91,71,Single,Y,1st,Y,,2104,0,not defined,Normal,1,4,4,0,2,From main system,Good,Good,(another dwelling below),NO DATA!,,Single glazed,Very Poor,Very Poor,"Solid brick, as built, no insulation (assumed)",Very Poor,Very Poor,"Room heaters, smokeless fuel",,,"Pitched, no insulation (assumed)",Very Poor,Very Poor,"Boiler and radiators, mains gas",Good,Good,Programmer and room thermostat,Average,Average,No low energy lighting,Very Poor,Very Poor,mains gas (not community),0,no corridor,,,,N,natural,"19, Aylesbury Road",Southwark,Camberwell and Peckham,LONDON,England and Wales: 1900-1929,23/07/2020 22:03,owner-occupied,,,2.00E+11,Address Matched
BL007-22,1.20E+33,12 Barrett Court,"1, Dobson Walk",,SE5 7FL,425837278,B,B,83,83,Flat,Detached,10/06/2015,E09000028,E14000615,Greater London Authority,10/06/2015,new dwelling,90,90,65,65,0.6,12,0.6,36,36,170,170,69,69,53,standard tariff,,top floor,,,,,NO DATA!,NO DATA!,,,,,0,Community scheme,Good,Very Good,(other premises below),,,High performance glazing,Very Good,Very Good,Average thermal transmittance 0.20 W/m-??K,Very Good,Very Good,None,,,Average thermal transmittance 0.13 W/m-??K,Very Good,Very Good,Community scheme,Good,Very Good,"Charging system linked to use of community heating, programmer and TRVs",Good,Good,Low energy lighting in all fixed outlets,Very Good,Very Good,NO DATA!,,NO DATA!,,,,,NO DATA!,"12 Barrett Court, 1, Dobson Walk",Southwark,Camberwell and Peckham,LONDON,NO DATA!,10/06/2015 12:31,unknown,10,10,10091663942,Address Matched
BL007-23,1.20E+33,13 Barrett Court,"1, Dobson Walk",,SE5 7FL,7425837278,B,B,84,84,Flat,Detached,10/06/2015,E09000028,E14000615,Greater London Authority,10/06/2015,new dwelling,90,90,57,57,0.7,10,0.7,47,47,186,186,79,79,72,standard tariff,,top floor,,,,,NO DATA!,NO DATA!,,,,,0,Community scheme,Good,Very Good,(other premises below),,,High performance glazing,Very Good,Very Good,Average thermal transmittance 0.20 W/m-??K,Very Good,Very Good,None,,,Average thermal transmittance 0.13 W/m-??K,Very Good,Very Good,Community scheme,Good,Very Good,"Charging system linked to use of community heating, programmer and TRVs",Good,Good,Low energy lighting in all fixed outlets,Very Good,Very Good,NO DATA!,,NO DATA!,,,,,NO DATA!,"13 Barrett Court, 1, Dobson Walk",Southwark,Camberwell and Peckham,LONDON,NO DATA!,10/06/2015 12:31,unknown,10,10,10091663943,Address Matched
BL007-25,3.69E+32,Flat 5 Barham House,Kinglake Estate,,SE17 2LQ,7024287668,D,D,60,68,Flat,Detached,23/09/2009,E09000028,E14000553,Greater London Authority,23/09/2009,rental (social),52,62,391,308,3.6,65,2.8,28,28,414,345,240,192,54.71,Single,Y,2nd,N,5,2104,100,double glazing installed before 2002,Normal,0,3,3,100,0,"From main system, no cylinderstat",Average,Average,(other premises below),,,Fully double glazed,Average,Average,"Solid brick, as built, no insulation (assumed)",Very Poor,Very Poor,None,,,(another dwelling above),,,"Boiler and radiators, mains gas",Good,Good,Programmer and room thermostat,Poor,Poor,Low energy lighting in all fixed outlets,Very Good,Very Good,mains gas - this is for backwards compatibility only and should not be used,0,unheated corridor,2.65,2.59,0,N,natural,"Flat 5 Barham House, Kinglake Estate",Southwark,Bermondsey and Old Southwark,LONDON,England and Wales: 1930-1949,23/09/2009 21:47,rental (social),,,2.00E+11,Address Matched
BL007-32,2.91E+32,Flat 43 St. Peters House,Queens Row,,SE17 2PU,4462042668,B,B,82,84,Flat,Mid-Terrace,26/05/2009,E09000028,E14000615,Greater London Authority,26/05/2009,rental (social),81,82,153,143,1.5,25,1.4,56,28,207,211,80,80,58.3,Single,Y,1st,N,5,2104,100,double glazing installed before 2002,Normal,0,3,3,0,0,From main system,Good,Good,(other premises below),N/A,N/A,Fully double glazed,Average,Average,"Solid brick, as built, no insulation (assumed)",Very Poor,Very Poor,"Room heaters, mains gas",N/A,N/A,(another dwelling above),N/A,N/A,"Boiler and radiators, mains gas",Good,Good,Programmer and room thermostat,Poor,Poor,No low energy lighting,Very Poor,Very Poor,mains gas - this is for backwards compatibility only and should not be used,0,unheated corridor,3.81,2.61,0,N,natural,"Flat 43 St. Peters House, Queens Row",Southwark,Camberwell and Peckham,LONDON,England and Wales: 1950-1966,26/05/2009 20:50,rental (social),,,2.00E+11,Address Matched
BL007-33,1.14E+33,"30, Chatham Street",,,SE17 1NY,5704303278,D,C,66,70,Flat,Mid-Terrace,17/09/2016,E09000028,E14000553,Greater London Authority,18/09/2016,marketed sale,62,66,230,200,2.7,40,2.4,99,50,424,390,125,125,68,Single,N,2nd,Y,,2307,100,"double glazing, unknown install date",Normal,1,3,3,0,0,Community scheme,Good,Good,(another dwelling below),NO DATA!,,Fully double glazed,Average,Average,"Cavity wall, as built, partial insulation (assumed)",Average,Average,None,,,"Pitched, 50 mm loft insulation",Poor,Poor,Community scheme,Good,Good,"Flat rate charging, TRVs",Average,Average,No low energy lighting,Very Poor,Very Poor,mains gas (community),0,unheated corridor,9.36,2.33,,N,natural,"30, Chatham Street",Southwark,Bermondsey and Old Southwark,LONDON,England and Wales: 1976-1982,18/09/2016 20:26,owner-occupied,,,2.00E+11,Address Matched
BL007-34,1.60E+33,Flat 3 Sullivan House,"17, Benhill Road",,SE5 7FT,6780685578,B,B,82,82,Flat,Enclosed End-Terrace,17/01/2018,E09000028,E14000615,Greater London Authority,17/01/2018,new dwelling,93,93,32,32,0.4,6,0.4,49,49,190,190,84,84,68,standard tariff,,mid floor,,,,,NO DATA!,NO DATA!,,,,100,0,From main system,Good,Good,Average thermal transmittance 0.2 W/m-??K,Very Good,Very Good,High performance glazing,Very Good,Very Good,Average thermal transmittance 0.2 W/m-??K,Very Good,Very Good,None,,,(other premises above),,,"Boiler and radiators, mains gas",Good,Good,Time and temperature zone control,Very Good,Very Good,Low energy lighting in all fixed outlets,Very Good,Very Good,mains gas - this is for backwards compatibility only and should not be used,,NO DATA!,,,,,NO DATA!,"Flat 3 Sullivan House, 17, Benhill Road",Southwark,Camberwell and Peckham,LONDON,NO DATA!,17/01/2018 15:15,owner-occupied,10,10,10093341558,Address Matched
BL007-35,1.70E+33,Flat 33 Grantham House,Friary Estate,,SE15 1RN,2317092678,C,C,74,80,Flat,Mid-Terrace,18/02/2019,E09000028,E14000615,Greater London Authority,20/02/2019,marketed sale,77,85,186,124,1.3,33,0.8,54,32,228,164,71,72,39,Single,Y,3rd,N,,2106,100,"double glazing, unknown install date",Normal,0,2,2,29,0,From main system,Good,Good,(another dwelling below),NO DATA!,,Fully double glazed,Average,Average,"Solid brick, as built, no insulation (assumed)",Very Poor,Very Poor,None,,,(another dwelling above),,,"Boiler and radiators, mains gas",Good,Good,"Programmer, room thermostat and TRVs",Good,Good,Low energy lighting in 29% of fixed outlets,Average,Average,mains gas (not community),0,no corridor,,,,N,natural,"Flat 33 Grantham House, Friary Estate",Southwark,Camberwell and Peckham,LONDON,England and Wales: 1930-1949,20/02/2019 09:31,owner-occupied,,,2.00E+11,Address Matched
BL007-36,991f90bc0427748a6ee611b03230719a518db9b79ad1e3930d997019767a0459,271 Sumner Road,,,SE15 5QL,10002387366,C,B,73,91,House,Mid-Terrace,16/05/2022,E09000028,E14000615,,12/10/2022,rental,71,91,169,31,2.1,30,0.4,67,67,304,251,134,65,72,Single,Y,,,,,100,"double glazing, unknown install date",Normal,0,3,3,100,0,From main system,Good,Good,"Solid, limited insulation (assumed)",,,Fully double glazed,Average,Average,"Cavity wall, filled cavity",Good,Good,None,,,"Pitched, 50 mm loft insulation",Poor,Poor,"Boiler and radiators, mains gas",Good,Good,"Programmer, room thermostat and TRVs",Good,Good,Low energy lighting in all fixed outlets,Very Good,Very Good,mains gas (not community),0,,,2.2,0,N,natural,271 Sumner Road,Southwark,Camberwell and Peckham,LONDON,England and Wales: 1996-2002,12/10/2022 12:29,Rented (social),8,,2.00E+11,Energy Assessor
BL007-39,1.74E+33,Flat 22 Fontenelle,Sceaux Gardens,,SE5 7DT,9065995678,C,C,73,76,Flat,Mid-Terrace,06/08/2019,E09000028,E14000615,Greater London Authority,07/08/2019,rental (private),63,71,218,165,3,38,2.2,60,60,259,306,206,92,77,Unknown,N,1st,N,,2307,100,double glazing installed during or after 2002,More Than Typical,0,5,5,100,0,Community scheme,Good,Good,(another dwelling below),NO DATA!,N/A,Fully double glazed,Good,Good,"System built, as built, no insulation (assumed)",Very Poor,Very Poor,None,N/A,N/A,(another dwelling above),N/A,N/A,Community scheme,Good,Good,"Flat rate charging, TRVs",Average,Average,Low energy lighting in all fixed outlets,Very Good,Very Good,mains gas (community),0,no corridor,,,,N,natural,"Flat 22 Fontenelle, Sceaux Gardens",Southwark,Camberwell and Peckham,LONDON,England and Wales: 1950-1966,07/08/2019 18:51,rental (private),,,2.00E+11,Address Matched
BL007-43,875037b6e3259ba641ce54a367538ec3c2c1d8932371da87a2c9925e614a16d0,Flat 3,Joyce Newman House,Deverell Street,SE1 4EX,10002847457,B,B,82,82,Flat,End-Terrace,01/04/2022,E09000028,E14000553,,01/04/2022,new dwelling,91,91,55,55,0.5,10,0.5,63,63,162,162,75,75,54,standard tariff,,1,N,,,100,,,,,,100,0,Community scheme,Good,Good,Average thermal transmittance 0.10 W/m-??K,Very Good,Very Good,High performance glazing,Very Good,Very Good,Average thermal transmittance 0.15 W/m-??K,Very Good,Very Good,None,,,(other premises above),,,Community scheme,Good,Good,"Charging system linked to use of community heating, programmer and at least two room stats",Good,Good,Low energy lighting in all fixed outlets,Very Good,Very Good,,0,,,2.86,,,,"Flat 3, Joyce Newman House, Deverell Street",Southwark,Bermondsey and Old Southwark,London,2019,01/04/2022 11:17,Not defined - use in the case of a new dwelling for which the intended tenure in not known. It is not to be used for an existing dwelling,20,,10094746694,Address Matched
BL007-44,9.75E+32,Apartment 90 Metro Central Heights,"119, Newington Causeway",,SE1 6BB,4810351178,E,C,44,76,Flat,Mid-Terrace,17/07/2018,E09000028,E14000553,Greater London Authority,18/07/2018,marketed sale,42,60,366,237,4.6,62,3,113,62,878,284,209,155,75,dual,N,10th,N,,2602,0,not defined,Normal,0,3,3,0,0,"Electric immersion, off-peak",Poor,Poor,(another dwelling below),NO DATA!,,Single glazed,Very Poor,Very Poor,"Cavity wall, as built, no insulation (assumed)",Poor,Poor,None,,,(another dwelling above),,,"Room heaters, electric",Very Poor,Poor,Appliance thermostats,Good,Good,No low energy lighting,Very Poor,Very Poor,electricity (not community),0,unheated corridor,13.5,,,N,natural,"Apartment 90 Metro Central Heights, 119, Newington Causeway",Southwark,Bermondsey and Old Southwark,LONDON,England and Wales: 1950-1966,18/07/2018 14:49,owner-occupied,,,2.00E+11,Address Matched
BL007-47,6.75E+32,Flat 22 Arnold House,Doddington Grove,,SE17 3SU,9441499868,D,D,67,67,Flat,Mid-Terrace,07/09/2011,E09000028,E14000553,Greater London Authority,07/09/2011,rental (social),67,67,233,233,2.4,45,2.4,36,36,384,384,112,112,53.92,Single,Y,3rd,N,,2104,100,"double glazing, unknown install date",Normal,0,3,3,83,0,From main system,Good,Good,(other premises below),,,Fully double glazed,Average,Average,"Solid brick, as built, no insulation (assumed)",Very Poor,Very Poor,None,,,(another dwelling above),,,"Boiler and radiators, mains gas",Good,Good,Programmer and room thermostat,Average,Average,Low energy lighting in 83% of fixed outlets,Very Good,Very Good,mains gas (not community),0,no corridor,,2.58,0,,natural,"Flat 22 Arnold House, Doddington Grove",Southwark,Bermondsey and Old Southwark,LONDON,England and Wales: 1930-1949,07/09/2011 20:18,rental (social),6,5,2.00E+11,Address Matched
BL007-48,db086f8f5671378641f48c0c9cd5103d65a02ddddca01d6f52586d046380932f,Flat 43,Clarson House,81 Camberwell New Road,SE5 0AE,10004507431,B,B,84,84,Flat,Mid-Terrace,17/05/2023,E09000028,E14000553,,17/05/2023,ECO assessment,86,86,84,84,1.1,15,1.1,78,78,128,128,111,111,71,dual,N,4,N,,,100,double glazing installed during or after 2002,Normal,0,3,3,100,0,Community scheme,Good,Good,(another dwelling below),,,Fully double glazed,Good,Good,"Cavity wall, as built, insulated (assumed)",Very Good,Very Good,None,,,(another dwelling above),,,Community scheme,Good,Good,"Charging system linked to use of community heating, programmer and TRVs",Good,Good,Low energy lighting in all fixed outlets,Very Good,Very Good,mains gas (community),0,unheated corridor,3.89,2.3,0,N,natural,"Flat 43, Clarson House, 81 Camberwell New Road",Southwark,Bermondsey and Old Southwark,LONDON,England and Wales: 2007-2011,17/05/2023 19:57,Owner-occupied,25,,10090284320,Energy Assessor
BL007-50,1.25E+33,"24, Marsland Close",,,SE17 3JW,1671760378,D,C,66,73,Maisonette,Mid-Terrace,16/06/2015,E09000028,E14000553,Greater London Authority,18/06/2015,assessment for green deal,60,69,210,158,3.4,37,2.6,120,60,503,409,159,138,92,Single,N,1st,N,,2307,70,"double glazing, unknown install date",Normal,1,3,3,0,0,Community scheme,Good,Good,"To unheated space, no insulation (assumed)",NO DATA!,,Partial double glazing,Average,Average,"Cavity wall, as built, no insulation (assumed)",Poor,Poor,None,,,(another dwelling above),,,Community scheme,Good,Good,"Flat rate charging, TRVs",Average,Average,No low energy lighting,Very Poor,Very Poor,mains gas (community),0,no corridor,0,,,N,natural,"24, Marsland Close",Southwark,Bermondsey and Old Southwark,LONDON,England and Wales: 1967-1975,18/06/2015 09:44,owner-occupied,,,2.00E+11,Address Matched
BL007-51,5.50E+32,Flat 27 Rufus House,St. Saviours Estate,,SE1 3NT,8108050868,C,C,70,76,Maisonette,Mid-Terrace,06/10/2010,E09000028,E14000553,Greater London Authority,06/10/2010,marketed sale,66,73,265,214,2.6,44,2.1,65,32,428,366,83,83,59.8,Single,Y,6th,Y,8,2104,100,double glazing installed during or after 2002,Normal,0,3,3,0,0,From main system,Very Good,Very Good,(other premises below),,,Fully double glazed,Good,Good,"Cavity wall, as built, no insulation (assumed)",Poor,Poor,None,,,"Flat, no insulation (assumed)",Very Poor,Very Poor,"Boiler and radiators, mains gas",Very Good,Very Good,Programmer and room thermostat,Average,Average,No low energy lighting,Very Poor,Very Poor,mains gas - this is for backwards compatibility only and should not be used,0,no corridor,,2.44,0,N,natural,"Flat 27 Rufus House, St. Saviours Estate",Southwark,Bermondsey and Old Southwark,LONDON,England and Wales: 1930-1949,06/10/2010 16:07,owner-occupied,,,2.00E+11,Address Matched
BL007-54,8.33E+32,Flat 8 Cygnet Court,"4, Friary Road",,SE15 1AQ,1374151078,B,B,86,86,Flat,Detached,07/09/2012,E09000028,E14000615,Greater London Authority,07/09/2012,new dwelling,88,88,73,73,1,14,1,41,41,298,298,80,80,71,standard tariff,,top floor,,,,,NO DATA!,NO DATA!,,,,10,,From main system,Good,Good,(other premises below),,,High performance glazing,Very Good,Very Good,Average thermal transmittance 0.27 W/m?K,Very Good,Very Good,None,,,Average thermal transmittance 0.15 W/m?K,Good,Good,"Boiler and radiators, mains gas",Good,Good,"Programmer, room thermostat and TRVs",Very Good,Very Good,Low energy lighting in all fixed outlets,Very Good,Very Good,mains gas - this is for backwards compatibility only and should not be used,0,NO DATA!,,2.5,,,NO DATA!,"Flat 8 Cygnet Court, 4, Friary Road",Southwark,Camberwell and Peckham,LONDON,NO DATA!,07/09/2012 14:05,,10,10,10090746693,Address Matched
BL007-56,9.48E+32,"7, Loder Street",,,SE15 2LF,1736669078,D,B,68,88,House,Mid-Terrace,24/09/2014,E09000028,E14000615,Greater London Authority,24/09/2014,marketed sale,64,87,193,60,3.7,37,1.2,103,59,466,361,293,132,99,Single,N,NODATA!,,,2307,0,single glazing,Normal,0,6,6,23,0,"Community scheme, no cylinder thermostat",Average,Average,"Solid, no insulation (assumed)",,,Single glazed,Very Poor,Very Poor,"Cavity wall, filled cavity",Good,Good,None,,,"Flat, limited insulation (assumed)",Poor,Poor,Community scheme,Good,Good,"Flat rate charging, TRVs",Average,Average,Low energy lighting in 23% of fixed outlets,Poor,Poor,mains gas (community),0,NO DATA!,,,0,,natural,"7, Loder Street",Southwark,Camberwell and Peckham,LONDON,England and Wales: 1976-1982,24/09/2014 17:16,owner-occupied,13,3,2.00E+11,Address Matched
BL007-59,1.46E+33,Apartment 1001 Mawes House,"5, Castle Square",,SE17 1EQ,4804885478,B,B,84,84,Flat,NO DATA!,15/07/2016,E09000028,E14000553,Greater London Authority,15/07/2016,new dwelling,93,93,43,43,0.5,8,0.5,49,49,158,158,82,82,66,standard tariff,,mid floor,,,,,NO DATA!,NO DATA!,,,,,0,Community scheme,Very Good,Very Good,(other premises below),,,High performance glazing,Very Good,Very Good,Average thermal transmittance 0.31 W/m-??K,Good,Good,None,,,(other premises above),,,Community scheme,Very Good,Very Good,"Charging system linked to use of community heating, programmer and TRVs",Good,Good,Low energy lighting in all fixed outlets,Very Good,Very Good,NO DATA!,,NO DATA!,,,,,NO DATA!,"Apartment 1001 Mawes House, 5, Castle Square",Southwark,Bermondsey and Old Southwark,LONDON,NO DATA!,15/07/2016 12:00,unknown,1,1,10093342200,Address Matched
BL007-64,1.33E+33,Second Floor,324a Walworth Road,,SE17 2NA,6725886378,E,D,54,66,Flat,Mid-Terrace,16/06/2015,E09000028,E14000553,Greater London Authority,21/06/2015,marketed sale,50,64,352,243,3.2,62,2.2,79,40,614,444,79,79,52,dual,Y,2nd,Y,,2102,100,"double glazing, unknown install date",Normal,0,3,3,0,0,From main system,Good,Good,(another dwelling below),NO DATA!,,Fully double glazed,Average,Average,"Solid brick, as built, no insulation (assumed)",Poor,Poor,None,,,"Flat, no insulation (assumed)",Very Poor,Very Poor,"Boiler and radiators, mains gas",Good,Good,"Programmer, no room thermostat",Very Poor,Very Poor,No low energy lighting,Very Poor,Very Poor,mains gas (not community),0,unheated corridor,5.84,,,N,natural,"Second Floor, 324a Walworth Road",Southwark,Bermondsey and Old Southwark,LONDON,England and Wales: 1900-1929,21/06/2015 09:47,rental (private),,,2.00E+11,Address Matched
BL007-66,6.89E+32,"9b, Charleston Street",,,SE17 1NG,678390968,D,C,62,71,Flat,Mid-Terrace,14/10/2011,E09000028,E14000553,Greater London Authority,14/10/2011,marketed sale,60,70,241,181,3.8,46,2.9,78,46,614,494,108,86,82.96,Single,Y,1st,Y,,2106,0,not defined,Normal,0,5,5,29,0,From main system,Good,Good,(other premises below),,,Single glazed,Very Poor,Very Poor,"Solid brick, as built, no insulation (assumed)",Very Poor,Very Poor,None,,,"Pitched, 75 mm loft insulation",Average,Average,"Boiler and radiators, mains gas",Good,Good,"Programmer, room thermostat and TRVs",Good,Good,Low energy lighting in 29% of fixed outlets,Average,Average,mains gas (not community),0,unheated corridor,1,2.55,0,,natural,"9b, Charleston Street",Southwark,Bermondsey and Old Southwark,LONDON,England and Wales: before 1900,14/10/2011 00:33,owner-occupied,7,2,2.00E+11,Address Matched
BL007-67,1e3f11a4a4e3a935cad52a40154a76f18259232e6d18c019bab900175460e296,50 Rainbow Street,,,SE5 7TD,10002320896,C,B,72,82,House,Mid-Terrace,11/02/2022,E09000028,E14000615,,15/02/2022,marketed sale,67,78,151,91,3.9,27,2.4,109,109,634,539,85,85,147,Unknown,Y,,,,,100,double glazing installed during or after 2002,Normal,4,6,6,91,0,From main system,Good,Good,"Suspended, no insulation (assumed)",,,Fully double glazed,Good,Good,"Solid brick, as built, no insulation (assumed)",Very Poor,Very Poor,None,,,"Pitched, no insulation (assumed)",Very Poor,Very Poor,"Boiler and radiators, mains gas",Good,Good,"Programmer, room thermostat and TRVs",Good,Good,Low energy lighting in 91% of fixed outlets,Very Good,Very Good,mains gas (not community),0,,,2.62,0,N,natural,50 Rainbow Street,Southwark,Camberwell and Peckham,LONDON,England and Wales: before 1900,15/02/2022 18:00,Rented (social),22,,2.00E+11,Energy Assessor
